Database No.,name,Inchikey ,Short,number_of_atoms,Mass,Match,R.match,Prob,Rank,Time in Seconds,RBN,RBF,PHI,N/O,high/low hinderance ,Dot,Cos
454,TETRAETHYLENE GLYCOL,UWHCKJMYHZGTIT-UHFFFAOYSA-N,UWHCKJMYHZGTIT,31,194.26,580,719,28.5,1,7013,10,0.333333333,11.62829378,O,low,105.5010432,0.890694314
237,"N,N'-BIS(3-AMINOPROPYL)ETHYLENEDIAMINE",RXFCIXRFAJRBSG-UHFFFAOYSA-N,RXFCIXRFAJRBSG,34,174.34,459,494,0.19,26,8205,9,0.272727273,10.70332265,N,low,364.0859845,0.426315421
239,"N,N-BIS(3-AMINOPROPYL)TRIMETHYLENEDIAMINE",QMXSDTGNCZVWTB-UHFFFAOYSA-N,QMXSDTGNCZVWTB,37,188.37,356,371,NA,NA,11586,9,0.25,9.809561665,N,low,719.1421316,0.30430341
241,N-8-GUANIDINO-SPERMIDINE,XYCUJKFFVBCJEF-UHFFFAOYSA-N,XYCUJKFFVBCJEF,34,188.35,451,476,0.51,20,10068,9,0.264705882,9.517194794,N,low,612.8658248,0.455286235
455,"ETHANOL, 2-[2-(2-ETHOXYETHOXY)ETHOXY]-",WFSMVVDJSNMRAR-UHFFFAOYSA-N,WFSMVVDJSNMRAR,30,178.26,390,532,0.37,48,6418,9,0.310344828,10.70332265,O,low,79.99424651,0.614119731
456,"2,5,8,11-TETRAOXADODECANE",YFNKIDBQEZZDLK-UHFFFAOYSA-N,YFNKIDBQEZZDLK,30,178.26,421,547,0.79,10,6124,9,0.310344828,10.70332265,O,low,78.56252988,0.493035993
457,VINYL ETHYL CARBITOL,XRBWKWGATZNBFW-UHFFFAOYSA-N,XRBWKWGATZNBFW,28,176.24,NA,NA,NA,NA,5738,9,0.333333333,10.21785574,O,low,436.2035186,0.360715089
463,METHYL 2-(2-BUTOXYETHOXY)ACETATE,QDVIBEPABUQWMB-UHFFFAOYSA-N,QDVIBEPABUQWMB,31,191.28,462,524,0.28,33,6838,9,0.290322581,9.58427461,O,low,249.464514,0.738455596
464,BUTYL 2-(2-METHOXYETHOXY)ACETATE,BELUYVNKSHWIJR-UHFFFAOYSA-N,BELUYVNKSHWIJR,31,191.28,467,497,0.79,45,6385,9,0.290322581,9.58427461,O,low,315.1279221,0.763579631
465,"CARBONIC ACID, 2-ETHOXYETHYL 2-METHOXYETHYL ESTER",IIBZOHQVYOZRPJ-UHFFFAOYSA-N,IIBZOHQVYOZRPJ,29,193.25,454,575,0.77,63,5151,9,0.310344828,9.517194794,O,low,35.91646199,0.612692839
466,METHYL 2-(2-(2-METHOXYETHOXY)ETHOXY)ACETATE,BDMCJNPMLSZYSL-UHFFFAOYSA-N,BDMCJNPMLSZYSL,29,193.25,432,541,0.34,61,8382,9,0.310344828,9.517194794,O,low,244.9535142,0.707763108
238,"1,9-DIAMINONONANE",SXJVFQLYZSNZBT-UHFFFAOYSA-N,SXJVFQLYZSNZBT,33,158.33,NA,NA,NA,NA,7239,8,0.25,9.851791656,N,low,363.5421924,0.933752951
248,"N,N',N''-TRIMETHYLDIITRIMETHYLENETRIAMINE",PQYGBJHVVYREGU-UHFFFAOYSA-N,PQYGBJHVVYREGU,35,173.35,NA,NA,NA,NA,9712,8,0.235294118,8.887583471,N,low,607.1466451,0.575089663
459,"ETHANOL, 2-(2-BUTOXYETHOXY)-",OAYXUHPQHDHDDZ-UHFFFAOYSA-N,OAYXUHPQHDHDDZ,29,162.26,574,686,18.1,1,4823,8,0.285714286,9.778101473,O,low,128.8868188,0.806821475
460,DIETHYL CARBITOL,RRQYJINTUHWNHW-UHFFFAOYSA-N,RRQYJINTUHWNHW,29,162.26,262,302,NA,NA,4278,8,0.285714286,9.778101473,O,low,32.62239883,0.181459394
461,"ETHANOL, 2-[2-(2-METHOXYETHOXY)ETHOXY]-",JLGLQAWTXXGVEM-UHFFFAOYSA-N,JLGLQAWTXXGVEM,27,164.23,540,691,36.8,1,4583,8,0.307692308,9.704687284,O,low,183.2251125,0.81804047
462,"FORMIC ACID, OCTYL ESTER",AVBRYQRTMPHARE-UHFFFAOYSA-N,AVBRYQRTMPHARE,29,159.28,NA,NA,NA,NA,6324,8,0.275862069,9.607231022,O,low,127.0236735,0.181327647
467,"1-PROPENE, 3-[2-(2-METHOXYETHOXY)ETHOXY]-",YTTILRPAYBZIKQ-UHFFFAOYSA-N,YTTILRPAYBZIKQ,27,160.24,365,525,NA,NA,6607,8,0.307692308,9.293886751,O,low,85.55341337,0.671764633
468,1-(2-ETHOXYETHOXY)-2-(VINYLOXY)-ETHANE,AYMDJPGTQFHDSA-UHFFFAOYSA-N,AYMDJPGTQFHDSA,27,160.24,401,401,0.04,83,4612,8,0.307692308,9.293886751,O,low,800.4496474,0.073514563
479,"ETHENE, 1,1'-[OXYBIS(2,1-ETHANEDIYLOXY)]BIS-",SAMJGBVVQUEMGC-UHFFFAOYSA-N,SAMJGBVVQUEMGC,25,158.22,NA,NA,NA,NA,3764,8,0.333333333,8.821938392,O,low,67.82764594,0.351518504
482,"CARBONIC ACID, PENTYL PROPYL ESTER",SCSDLMBSTOZBPZ-UHFFFAOYSA-N,SCSDLMBSTOZBPZ,30,175.28,NA,NA,NA,NA,5313,8,0.266666667,8.664338679,O,low,105.5856551,0.744225989
483,"ETHANOL, 2-(PENTYLOXY)-, ACETATE",INRKVKPTZMIOTG-UHFFFAOYSA-N,INRKVKPTZMIOTG,30,175.28,NA,NA,NA,NA,5662,8,0.266666667,8.664338679,O,low,218.2254731,0.929765285
484,"METHOXYACETIC ACID, HEXYL ESTER",QJGFFKKLJRHCMV-UHFFFAOYSA-N,QJGFFKKLJRHCMV,30,175.28,488,566,1.11,34,5130,8,0.266666667,8.664338679,O,low,147.1040345,0.739088738
486,"CARBONIC ACID, DIBUTYL ESTER",QLVWOKQMDLQXNN-UHFFFAOYSA-N,QLVWOKQMDLQXNN,30,175.28,NA,NA,NA,NA,9782,8,0.266666667,8.664338679,O,low,140.7577731,0.707955763
487,"VALERIC ACID, 2-ETHOXYETHYL ESTER",LNLKWQDISSHMLL-UHFFFAOYSA-N,LNLKWQDISSHMLL,30,175.28,NA,NA,NA,NA,8353,8,0.266666667,8.664338679,O,low,283.4408029,0.584965005
488,"OCTANOIC ACID, 8-HYDROXY-, METHYL ESTER",ADTIBIOIERBRIB-UHFFFAOYSA-N,ADTIBIOIERBRIB,30,175.28,NA,NA,NA,NA,8228,8,0.266666667,8.664338679,O,low,369.4659878,0.26005298
489,"HEPTANAL, 7,7-DIMETHOXY-",ZSCWUFCWRFKZGG-UHFFFAOYSA-N,ZSCWUFCWRFKZGG,30,175.28,338,473,NA,NA,7590,8,0.266666667,8.664338679,O,low,397.7201139,0.462870642
490,"CARBONIC ACID, HEPTYL METHYL ESTER",IBTAFYOTPNVGLR-UHFFFAOYSA-N,IBTAFYOTPNVGLR,30,175.28,NA,NA,NA,NA,6295,8,0.266666667,8.664338679,O,low,139.4357357,0.386083737
491,"CARBONIC ACID, ETHYL HEXYL ESTER",CJKUBFJTBHACJH-UHFFFAOYSA-N,CJKUBFJTBHACJH,30,175.28,NA,NA,NA,NA,6196,8,0.266666667,8.664338679,O,low,111.4789577,0.466597076
492,"HEXANOIC ACID, 2-METHOXYETHYL ESTER",WHFYLHIOEPSQJH-UHFFFAOYSA-N,WHFYLHIOEPSQJH,30,175.28,547,629,5.56,6,5718,8,0.266666667,8.664338679,O,low,366.3967785,0.616554819
242,"PROPANENITRILE, 3-(HEXYLAMINO)-",IBFRLHYBIOCBTE-UHFFFAOYSA-N,IBFRLHYBIOCBTE,29,156.31,573,590,55.2,1,6192,7,0.233333333,9.437863199,N,low,910.0286046,0.65970534
245,"1-OCTANAMINE, N-METHYL-",SEGJNMCIMOLEDM-UHFFFAOYSA-N,SEGJNMCIMOLEDM,30,143.31,713,774,81.6,1,5996,7,0.233333333,8.926125822,N,low,937.513691,0.965286969
246,N-AMYL-N-BUTYL AMINE,AMJIVVJFADZSNZ-UHFFFAOYSA-N,AMJIVVJFADZSNZ,30,143.31,665,679,63.8,1,6114,7,0.233333333,8.926125822,N,low,891.7967322,0.487046908
247,"1-HEXANAMINE, N-PROPYL-",WBLXZSQLBOFHAB-UHFFFAOYSA-N,WBLXZSQLBOFHAB,30,143.31,564,614,1.12,13,6183,7,0.233333333,8.926125822,N,low,796.990238,0.717368991
249,"1,4-BUTANEDIAMINE, N-(3-AMINOPROPYL)-",ATHGHQPFGPMSJY-UHFFFAOYSA-N,ATHGHQPFGPMSJY,29,145.29,455,475,0.55,9,5266,7,0.25,8.779288244,N,low,515.2094048,0.590591003
250,TRIETHYLENETETRAMINE,VILCJCGEZXAXTO-UHFFFAOYSA-N,VILCJCGEZXAXTO,28,146.28,NA,NA,NA,NA,5179,7,0.259259259,8.706324844,N,low,572.7159347,0.172950202
252,N-METHYLENE-N-OCTYLIMINE,PIEFHHPASASGCR-UHFFFAOYSA-N,PIEFHHPASASGCR,28,142.30,459,471,NA,NA,6053,7,0.24137931,8.682071176,N,low,503.0430754,0.67596305
254,N-OCTYL GUANIDINE,XPYXSZDENRDLKD-UHFFFAOYSA-N,XPYXSZDENRDLKD,33,172.34,368,368,NA,NA,8258,7,0.212121212,8.664338679,N,low,763.0393086,0.53548
264,"HYDRAZINE, TRIPROPYL-",JOGSSTIPCUFRHC-UHFFFAOYSA-N,JOGSSTIPCUFRHC,33,158.33,498,498,4.11,37,6520,7,0.21875,7.966030701,N,low,928.7854975,0.369197943
337,"GUANIDINE, N-[4-(5-AMINO-1H-1,2,4-TRIAZOL-3-YL)BUTYL]-N''-CYANO-N'-METHYL-",ZSDXPCUFDUAKJY-UHFFFAOYSA-N,ZSDXPCUFDUAKJY,33,241.38,NA,NA,NA,NA,16082,7,0.184210526,6.829055081,N,low,785.3446143,0.232079688
353,TRIALLYLHYDRAZINE,DQSIAGHCYOKRFM-UHFFFAOYSA-N,DQSIAGHCYOKRFM,27,152.27,583,598,75.5,2,4204,7,0.269230769,6.687123145,N,low,875.3319826,0.883731521
469,9-HYDROXY-7-NONANAL,FWMKRIYREKTLSC-GQCTYLIASA-N,FWMKRIYREKTLSC,27,157.26,NA,NA,NA,NA,6393,7,0.259259259,9.127309526,O,low,67.00628857,0.291924094
470,6-(2-PROPYNYLOXY)-1-HEXANOL,YTNZKCVKQFVCJY-UHFFFAOYSA-N,YTNZKCVKQFVCJY,27,156.25,NA,NA,NA,NA,5213,7,0.269230769,9.032797191,O,low,197.0874389,0.116818325
471,"4,6-DIOXADECANE",XSIAIXNDKLVFDS-UHFFFAOYSA-N,XSIAIXNDKLVFDS,28,146.26,451,451,NA,NA,4092,7,0.259259259,8.852555237,O,low,344.4188584,0.724497411
472,"ETHANOL, 2-(HEXYLOXY)-",UPGSWASWQBLSKZ-UHFFFAOYSA-N,UPGSWASWQBLSKZ,28,146.26,512,570,5.78,6,4818,7,0.259259259,8.852555237,O,low,275.3428969,0.524155805
473,"HEXANE, 1-(METHOXYMETHOXY)-",IWGVIHMNGVDKTH-UHFFFAOYSA-N,IWGVIHMNGVDKTH,28,146.26,NA,NA,NA,NA,7364,7,0.259259259,8.852555237,O,low,203.1866238,0.78439372
474,"HEXANE, 1,6-DIMETHOXY-",GZHQUHIMIVEQFV-UHFFFAOYSA-N,GZHQUHIMIVEQFV,28,146.26,NA,NA,NA,NA,5595,7,0.259259259,8.852555237,O,low,239.6228334,0.7192315
475,"1,8-OCTANEDIOL",OEIJHBUUFURJLI-UHFFFAOYSA-N,OEIJHBUUFURJLI,28,146.26,NA,NA,NA,NA,5736,7,0.259259259,8.852555237,O,low,48.45112188,0.322340507
476,"PEROXIDE, DIBUTYL",PAOHAQSLJSMLAT-UHFFFAOYSA-N,PAOHAQSLJSMLAT,28,146.26,NA,NA,NA,NA,3235,7,0.259259259,8.852555237,O,low,122.705821,0.266572836
477,"1-BUTANOL, 4-BUTOXY-",OBXQRJAQMQQZMY-UHFFFAOYSA-N,OBXQRJAQMQQZMY,28,146.26,NA,NA,NA,NA,7204,7,0.259259259,8.852555237,O,low,163.1924416,0.645692087
478,"BUTANE, 1,4-DIETHOXY-",IIHAWQOFHTYWGM-UHFFFAOYSA-N,IIHAWQOFHTYWGM,28,146.26,NA,NA,NA,NA,4207,7,0.259259259,8.852555237,O,low,30.38633908,0.25029936
480,TRIETHYLENE GLYCOL,ZIBGPFATKBEMQZ-UHFFFAOYSA-N,ZIBGPFATKBEMQZ,24,150.20,450,585,0.16,94,3136,7,0.304347826,8.706324844,O,low,120.2433516,0.684637481
481,NONANAL,GYHFUZHODSMOHU-UHFFFAOYSA-N,GYHFUZHODSMOHU,27,143.28,NA,NA,NA,NA,5566,7,0.25,8.682071176,O,low,216.2331355,0.439785114
243,AZELEONITRILE,QXOYPGTWWXJFDI-UHFFFAOYSA-N,QXOYPGTWWXJFDI,25,154.29,431,439,0.16,34,6042,6,0.214285714,9.032797191,N,low,257.2721202,0.51985982
251,"PROPANENITRILE, 3,3',3''-NITRILOTRIS-",FYYPYNRGACGNNN-UHFFFAOYSA-N,FYYPYNRGACGNNN,25,182.31,623,627,59.5,1,5250,6,0.2,8.68774389,N,low,733.6478306,0.886684107
253,"1-BUTANAMINE, N-PENTYLIDENE-",DQUFJSBUTDTRNC-MDZDMXLPSA-N,DQUFJSBUTDTRNC,28,142.30,550,612,0.51,12,8181,6,0.206896552,8.682071176,N,low,643.7099735,0.522779584
255,NONANENITRILE,PLZZPPHAMDJOSR-UHFFFAOYSA-N,PLZZPPHAMDJOSR,26,141.29,NA,NA,NA,NA,6831,6,0.214285714,8.513240007,N,low,312.0934272,0.515783377
257,"2-BUTENE-1,4-DIAMINE, N,N'-DIETHYL-",YWWSWEIXJXYQJB-AATRIKPKSA-N,YWWSWEIXJXYQJB,28,142.28,384,496,NA,NA,6398,6,0.222222222,8.369843144,N,low,294.2545724,0.419750883
260,8-NONENE-1-NITRILE,AFXXJCGHWSTDDE-UHFFFAOYSA-N,AFXXJCGHWSTDDE,24,139.27,357,360,NA,NA,4529,6,0.230769231,8.039973014,N,low,236.9353008,0.520850813
265,1-OCTANAMINE,IOQPZZOEVPZRBK-UHFFFAOYSA-N,IOQPZZOEVPZRBK,27,129.28,669,685,23.1,3,4280,6,0.222222222,7.926575589,N,low,744.6061756,0.983791375
266,"1-HEXANAMINE, N-ETHYL-",WSTNFGAKGUERTC-UHFFFAOYSA-N,WSTNFGAKGUERTC,27,129.28,641,727,42.4,1,7057,6,0.222222222,7.926575589,N,low,927.3800964,0.780714116
267,"1-BUTANAMINE, N-BUTYL-",JQVDAXLFBXTEQA-UHFFFAOYSA-N,JQVDAXLFBXTEQA,27,129.28,712,717,41.8,1,6957,6,0.222222222,7.926575589,N,low,893.8973076,0.663231376
270,H2N(CH2)7NH2,PWSKHLMYTZNYKO-UHFFFAOYSA-N,PWSKHLMYTZNYKO,27,130.27,NA,NA,NA,NA,4104,6,0.230769231,7.853488503,N,low,133.9676925,0.944459054
271,"HYDRAZINE, HEPTYL-",AETGYOWKOXPRCB-UHFFFAOYSA-N,AETGYOWKOXPRCB,27,130.27,614,653,46.6,1,4383,6,0.230769231,7.853488503,N,low,925.766239,0.556533119
273,"3,3'-IMINOBISPROPYLAMINE",OTBHHUPVCYLGQO-UHFFFAOYSA-N,OTBHHUPVCYLGQO,26,131.26,NA,NA,NA,NA,4218,6,0.24,7.780738742,N,low,442.9761803,0.423709133
278,"CYANAMIDE, DIBUTYL-",SOGFATPCYLMCMQ-UHFFFAOYSA-N,SOGFATPCYLMCMQ,29,156.31,551,573,6,4,5601,6,0.2,7.592452434,N,low,892.2591601,0.393662817
279,3-DIPROPYLAMINOPROPANENITRILE,TXKWRPYUNDNNMI-UHFFFAOYSA-N,TXKWRPYUNDNNMI,29,156.31,531,535,22.3,40,5878,6,0.2,7.592452434,N,low,803.3539637,0.572380788
283,1-NONENE,JRZJOMJEPLMPRA-UHFFFAOYSA-N,JRZJOMJEPLMPRA,27,126.27,614,639,1.08,35,4475,6,0.230769231,7.516875621,,low,618.720111,0.662444812
307,"1,8-NONADIENE",VJHGSLHHMIELQD-UHFFFAOYSA-N,VJHGSLHHMIELQD,25,124.25,494,521,NA,NA,5035,6,0.25,7.048743464,,low,162.7201892,0.71298889
312,"1-HEPTANAMINE, N,N-DIMETHYL-",LSICDRUYCNGRIF-UHFFFAOYSA-N,LSICDRUYCNGRIF,30,143.31,NA,NA,NA,NA,7985,6,0.2,7.04507745,N,low,944.2769364,0.93202739
313,5-NONYLAMINE,BKEVGGILGWUWSB-UHFFFAOYSA-N,BKEVGGILGWUWSB,30,143.31,557,576,NA,NA,7518,6,0.2,7.04507745,N,low,661.7138447,0.889443223
314,N-BUTYL 2-PENTYL AMINE,IFMLFZABZQNLON-UHFFFAOYNA-N,IFMLFZABZQNLON,30,143.31,579,649,11.2,19,6807,6,0.2,7.04507745,N,low,746.1011142,0.854329196
315,"1-BUTANAMINE, N-BUTYL-N-METHYL-",MTHFROHDIWGWFD-UHFFFAOYSA-N,MTHFROHDIWGWFD,30,143.31,630,650,17.6,3,6282,6,0.2,7.04507745,N,low,802.9626079,0.624815697
317,"2-BUTYLAMINE, N-PENTYL-",CWPZHQHSRJKFMS-UHFFFAOYNA-N,CWPZHQHSRJKFMS,30,143.31,582,587,4.05,7,7096,6,0.2,7.04507745,N,low,776.7467762,0.719785771
318,"1-PROPANAMINE, N,N-DIPROPYL-",YFTHZRPMJXBUME-UHFFFAOYSA-N,YFTHZRPMJXBUME,30,143.31,615,617,2.17,6,5903,6,0.2,7.04507745,,low,856.6148887,0.510142212
327,"1,2-ETHANEDIAMINE, N,N'-DIMETHYL-N-[2-(METHYLAMINO)ETHYL]-",ODZZIKZQNODXFS-UHFFFAOYSA-N,ODZZIKZQNODXFS,29,145.29,460,484,0.03,61,4972,6,0.214285714,6.913922178,N,low,697.1433537,0.339188613
328,"PROPANAL, DI-2-PROPENYLHYDRAZONE",QOVUMEUQTMXUOS-JXMROGBWSA-N,QOVUMEUQTMXUOS,27,153.28,456,460,NA,NA,4611,6,0.222222222,6.892598813,N,low,861.7104441,0.749357142
336,TRIS(2-AMINOETHYL)AMINE,MBYLVOKEDDQJDY-UHFFFAOYSA-N,MBYLVOKEDDQJDY,28,146.28,480,518,NA,NA,5283,6,0.222222222,6.848800577,N,low,773.2674462,0.436585449
361,"3-BUTEN-1-AMINE, N-BUTYL-N-METHYL-",OEDRQDWXEGWGBY-UHFFFAOYSA-N,OEDRQDWXEGWGBY,28,141.29,589,590,23.7,28,5957,6,0.214285714,6.612622576,N,low,649.2035024,0.623941856
362,DIETHYLPENT-4-ENYLAMINE,LADWJVRVWWFPKV-UHFFFAOYSA-N,LADWJVRVWWFPKV,28,141.29,489,496,0.22,31,5995,6,0.214285714,6.612622576,N,low,671.8279249,0.463992626
365,"2-PROPEN-1-AMINE, N,N-DIPROPYL-",URBIUAWKOUCECW-UHFFFAOYSA-N,URBIUAWKOUCECW,28,141.29,550,559,6.77,4,5512,6,0.214285714,6.612622576,N,low,709.0751892,0.623564731
366,"N,N,N',N'-TETRAMETHYL-1,5-PENTANEDIAMINE",DNOJGXHXKATOKI-UHFFFAOYSA-N,DNOJGXHXKATOKI,33,158.33,NA,NA,NA,NA,7877,6,0.1875,6.574105986,N,low,369.8218482,0.937836286
367,"N,N'-DIISOPROPYL-1,3-PROPANEDIAMINE",OAVPQXXPJZPXTA-UHFFFAOYSA-N,OAVPQXXPJZPXTA,33,158.33,NA,NA,NA,NA,7742,6,0.1875,6.574105986,N,low,263.5210985,0.27747231
368,"1,4-PENTANEDIAMINE, N1,N1-DIETHYL-",CAPCBAYULRXQAN-UHFFFAOYNA-N,CAPCBAYULRXQAN,33,158.33,509,538,2.57,6,7679,6,0.1875,6.574105986,N,low,643.4854085,0.445962256
369,"METHANEDIAMINE, N,N,N',N'-TETRAETHYL-",UNEXJVCWJSHFNN-UHFFFAOYSA-N,UNEXJVCWJSHFNN,33,158.33,665,730,16.4,2,7018,6,0.1875,6.574105986,N,low,563.2143137,0.715708957
458,"2-BUTYNE-1,4-DIOL, BIS(.BETA.-HYDROXYETHYL) ETHER",IXAWTPMDMPUGLV-UHFFFAOYSA-N,IXAWTPMDMPUGLV,26,174.22,213,215,NA,NA,4586,6,0.24,9.884719177,O,low,260.6881217,0.32955005
2,"1-Carboxycyclopropane-2-acetic acid (E), ",UXTUIDNFTDLRIX-UHFFFAOYSA-N,UXTUIDNFTDLRIX,24,172.07,417,475,83.1,35,4424,5,0.192307692,3.22623135,,high,389.2356912,0.483288737
3,1-Carboxycyclopropane-2-acetic acid (Z),UXTUIDNFTDLRIX-UHFFFAOYSA-N,UXTUIDNFTDLRIX,24,172.07,401,463,82.2,37,6460,5,0.192307692,3.22623135,,high,389.2724913,0.473005787
193,"Adamantane, 1-(4-methylphenylamino)-",XPMPUGVKPUCKNN-UHFFFAOYSA-N   ,XPMPUGVKPUCKNN,41,241.18,488,497,0.52,46,27115,5,0.080645161,4.762317284,,high,780.7430097,0.537386012
256,"N,N'-DIBUTYLIDENE-HYDRAZINE",MREJHSSUOXPZPS-FIFLTTCUSA-N,MREJHSSUOXPZPS,26,142.28,NA,NA,NA,NA,4106,5,0.185185185,8.369843144,N,low,395.3615529,0.514521236
258,"BUTANAL, 2-BUTENYLHYDRAZONE",NJOLUQSSLMAZEB-KWRXBJJZSA-N,NJOLUQSSLMAZEB,26,141.27,537,546,1.93,34,5666,5,0.192307692,8.133546973,N,low,875.7313364,0.645756194
259,2-NONENENITRILE,WOVJAWMZNOWDII-BQYQJAHWSA-N,WOVJAWMZNOWDII,24,139.27,NA,NA,NA,NA,4376,5,0.192307692,8.039973014,N,low,378.8672233,0.439093641
261,OCTANEDINITRILE,BTNXBLUGMAMSSH-UHFFFAOYSA-N,BTNXBLUGMAMSSH,22,140.26,432,570,0.03,19,3467,5,0.2,8.039973014,N,low,216.355684,0.422693261
269,1-AMINO-7-GUANIDINO-HEPT-3-YNE,KUOLUNCCCOMVGA-UHFFFAOYSA-N,KUOLUNCCCOMVGA,28,169.29,293,294,NA,NA,6605,5,0.178571429,7.86279529,N,low,505.4052088,0.190546909
274,"METHANAMINE, N-HEPTYLIDENE-",KXQQZMOVGZEPNH-CMDGGOBGSA-N,KXQQZMOVGZEPNH,25,128.27,NA,NA,NA,NA,4077,5,0.192307692,7.684263788,N,low,369.0214288,0.583641405
275,"1-BUTANAMINE, N-BUTYLIDENE-",GMYLJUMIAPOWOO-VQHVLOKHSA-N,GMYLJUMIAPOWOO,25,128.27,568,583,2.17,32,3902,5,0.192307692,7.684263788,N,low,523.2441166,0.759347374
276,"PROPANAL, BUTYLHYDRAZONE",HSFHCHXOARWRSD-SOFGYWHQSA-N,HSFHCHXOARWRSD,25,129.26,476,500,NA,NA,3708,5,0.2,7.612301119,N,low,791.4795456,0.34191064
277,"BUTANAL, PROPYLHYDRAZONE",AIRUFVHYFDRGLU-VQHVLOKHSA-N,AIRUFVHYFDRGLU,25,129.26,521,539,NA,NA,3652,5,0.2,7.612301119,N,low,806.4971574,0.428931481
282,"1,3-PROPANEDIAMINE, N'-(ETHYLCARBONIMIDOYL)-N,N-DIMETHYL-",LMDZBCPBFSXMTL-UHFFFAOYSA-N,LMDZBCPBFSXMTL,28,157.30,NA,NA,NA,NA,6401,5,0.172413793,7.527447824,N,low,237.9125128,0.764680922
284,3-NONENE,YCBSHDKATAPNIA-FNORWQNLSA-N,YCBSHDKATAPNIA,27,126.27,NA,NA,NA,NA,4705,5,0.192307692,7.516875621,,low,789.3307964,0.534905335
285,CIS-3-NONENE,YCBSHDKATAPNIA-ALCCZGGFSA-N,YCBSHDKATAPNIA,27,126.27,NA,NA,NA,NA,6589,5,0.192307692,7.516875621,,low,737.1613185,0.553992391
286,CIS-4-NONENE,KPADFPAILITQBG-CLFYSBASSA-N,KPADFPAILITQBG,27,126.27,NA,NA,NA,NA,6887,5,0.192307692,7.516875621,,low,793.5136354,0.402307255
287,CIS-2-NONENE,IICQZTQZQSBHBY-HYXAFXHYSA-N,IICQZTQZQSBHBY,27,126.27,NA,NA,NA,NA,7079,5,0.192307692,7.516875621,,low,704.3466452,0.751061409
288,4-NONENE,KPADFPAILITQBG-VQHVLOKHSA-N,KPADFPAILITQBG,27,126.27,NA,NA,NA,NA,4654,5,0.192307692,7.516875621,,low,830.9707069,0.399340164
289,TRANS--4-NONENE,KPADFPAILITQBG-VQHVLOKHSA-N,KPADFPAILITQBG,27,126.27,NA,NA,NA,NA,4622,5,0.192307692,7.516875621,,low,807.0316724,0.384086117
290,"3-NONENE, (E)-",YCBSHDKATAPNIA-FNORWQNLSA-N,YCBSHDKATAPNIA,27,126.27,NA,NA,NA,NA,5891,5,0.192307692,7.516875621,,low,769.8202161,0.512606746
291,"(E)-3,4,4-TRIMETHYLHEX-2-ENE",IICQZTQZQSBHBY-HWKANZROSA-N,IICQZTQZQSBHBY,27,126.27,NA,NA,NA,NA,6677,5,0.192307692,7.516875621,,low,805.7361959,0.80999983
292,2-NONENE,IICQZTQZQSBHBY-HWKANZROSA-N,IICQZTQZQSBHBY,27,126.27,597,667,2.67,27,7531,5,0.192307692,7.516875621,,low,789.2529179,0.76217821
293,"2-NONENE, (E)-",IICQZTQZQSBHBY-HWKANZROSA-N,IICQZTQZQSBHBY,27,126.27,574,658,1.1,61,6989,5,0.192307692,7.516875621,,low,741.9266607,0.779067742
294,OCTANENITRILE,YSIMAPNUZAVQER-UHFFFAOYSA-N,YSIMAPNUZAVQER,23,127.26,437,457,NA,NA,6369,5,0.2,7.516875621,N,low,342.1662401,0.445156892
296,"2-BUTEN-1-AMINE, N-BUTYL-, (E)-",AEUGPBYLZNGABC-HWKANZROSA-N,AEUGPBYLZNGABC,25,127.26,512,512,0.49,38,8574,5,0.2,7.445700043,N,low,735.3671259,0.530741555
297,"2-BUTEN-1-AMINE, N-BUTYL-, (Z)-",AEUGPBYLZNGABC-HYXAFXHYSA-N,AEUGPBYLZNGABC,25,127.26,NA,NA,NA,NA,4201,5,0.2,7.445700043,N,low,770.037868,0.523494485
298,3-(BUTYLAMINO)PROPIONITRILE,FPGVMJDQNJEAJM-UHFFFAOYSA-N,FPGVMJDQNJEAJM,23,128.25,575,583,50.1,1,4555,5,0.208333333,7.445700043,N,low,750.0871039,0.674395008
299,1-NONYNE,OSSQSXOTMIGBCF-UHFFFAOYSA-N,OSSQSXOTMIGBCF,25,124.25,NA,NA,NA,NA,4184,5,0.208333333,7.187608928,,low,317.2974366,0.563571662
303,"1,2-NONADIENE",BBECVROIQDCRKP-UHFFFAOYNA-N,BBECVROIQDCRKP,25,124.25,NA,NA,NA,NA,6191,5,0.208333333,7.118007534,,low,185.8984277,0.374576086
308,"1,3-NONADIENE, (E)-",CLNYHERYALISIR-FNORWQNLSA-N,CLNYHERYALISIR,25,124.25,506,546,NA,NA,7748,5,0.208333333,7.048743464,,low,782.741278,0.552915149
309,7-OCTENE-1-NITRILE,OXOUJUXDEZZIEF-UHFFFAOYSA-N,OXOUJUXDEZZIEF,21,125.24,397,410,NA,NA,6521,5,0.217391304,7.048743464,N,low,357.9700815,0.567161099
319,OCTANE,TVMXDCGIABBOFY-UHFFFAOYSA-N,TVMXDCGIABBOFY,26,114.26,705,748,25.6,1,3549,5,0.2,7,,low,698.632687,0.759989856
321,1-HEPTANAMINE,WJYIASZWHGOTOU-UHFFFAOYSA-N,WJYIASZWHGOTOU,24,115.25,666,666,62.9,2,5196,5,0.208333333,6.927137797,N,low,808.4843242,0.980438971
322,N-HEXYLMETHYLAMINE,XJINZNWPEQMMBV-UHFFFAOYSA-N,XJINZNWPEQMMBV,24,115.25,664,61,35,1,3224,5,0.208333333,6.927137797,N,low,878.4416107,0.954626935
323,"1-PENTANAMINE, N-ETHYL-",ICVFPLUSMYSIFO-UHFFFAOYSA-N,ICVFPLUSMYSIFO,24,115.25,552,581,0.27,29,8347,5,0.208333333,6.927137797,N,low,840.3758241,0.805051698
324,"1-BUTANAMINE, N-PROPYL-",CWYZDPHNAGSFQB-UHFFFAOYSA-N,CWYZDPHNAGSFQB,24,115.25,676,682,54.8,1,5455,5,0.208333333,6.927137797,N,low,911.9966466,0.718763994
325,"HEPTANE, 4-AZIDO-",GLFSDYCSLFSXBV-UHFFFAOYSA-N,GLFSDYCSLFSXBV,25,147.31,440,446,NA,NA,3322,5,0.166666667,6.913922178,N,low,455.532574,0.869856271
329,"N-(N-PROPYL)-1,3-PROPANEDIAMINE",OWKYZAGJTTTXOK-UHFFFAOYSA-N,OWKYZAGJTTTXOK,24,116.24,583,592,9.03,6,4137,5,0.217391304,6.854655085,N,low,418.1417069,0.69363826
330,"1,6-HEXANEDIAMINE",NAQMVNRVTILPCV-UHFFFAOYSA-N,NAQMVNRVTILPCV,24,116.24,NA,NA,NA,NA,2954,5,0.217391304,6.854655085,N,low,115.1864579,0.905180723
331,N-BUTYLETHYLENEDIAMINE,DFPGBRPWDZFIPP-UHFFFAOYSA-N,DFPGBRPWDZFIPP,24,116.24,517,526,NA,NA,2799,5,0.217391304,6.854655085,N,low,877.0719613,0.546739548
332,4-ETHYLAMINO-N-BUTYLAMINE,ONCPEIKLFULSSA-UHFFFAOYSA-N,ONCPEIKLFULSSA,24,116.24,NA,NA,NA,NA,3647,5,0.217391304,6.854655085,N,low,380.2676506,0.460569712
333,"1,2-ETHANEDIAMINE, N,N'-DIETHYL-",CJKRXEBLWJVYJD-UHFFFAOYSA-N,CJKRXEBLWJVYJD,24,116.24,684,691,0.5,79,4578,5,0.217391304,6.854655085,N,low,861.2791513,0.940135688
334,"HYDRAZINE, 1-BUTYL-2-ETHYL-",ALNDIBLAORBEAX-UHFFFAOYSA-N,ALNDIBLAORBEAX,24,116.24,557,561,5.84,8,3077,5,0.217391304,6.854655085,N,low,927.3284548,0.462844939
335,"HYDRAZINE, 1,2-DIPROPYL-",BOOQVRGRSDTZRZ-UHFFFAOYSA-N,BOOQVRGRSDTZRZ,24,116.24,491,491,0.05,51,4551,5,0.217391304,6.854655085,N,low,918.7975811,0.403145466
339,"ETHANAMINE, N-(1-PROPYLBUTYLIDENE)-",FCKQTNVXHQEYLR-UHFFFAOYSA-N,FCKQTNVXHQEYLR,28,142.30,444,463,NA,NA,4885,5,0.172413793,6.827160939,N,low,745.7491679,0.413157842
358,DI-N-PROPYLAMINOACETONITRILE,ZFQYTSCUGODUDB-UHFFFAOYSA-N,ZFQYTSCUGODUDB,26,142.28,512,540,0.31,18,4366,5,0.185185185,6.612622576,N,low,800.6632271,0.537590491
359,"N,N-DIETHYL-TRANS-2-PENTENEAMINE",GNERVRYWRNXNQS-BQYQJAHWSA-N,GNERVRYWRNXNQS,28,141.29,476,494,0.12,43,6285,5,0.178571429,6.612622576,N,low,793.5011778,0.448868873
360,"2-PENTEN-1-AMINE, N,N-DIETHYL-, (Z)-",GNERVRYWRNXNQS-FPLPWBNLSA-N,GNERVRYWRNXNQS,28,141.29,457,473,0.03,31,7054,5,0.178571429,6.612622576,N,low,783.3947455,0.471418794
363,"OCTANENITRILE, 6-AMINO-",LTBOZHOOVZMBBF-UHFFFAOYNA-N,LTBOZHOOVZMBBF,26,142.28,367,378,NA,NA,3966,5,0.185185185,6.612622576,N,low,838.9840315,0.468793355
364,"PROPANENITRILE, 3-(ETHYLPROPYLAMINO)-",XDBIRHORXBIDLP-UHFFFAOYSA-N,XDBIRHORXBIDLP,26,142.28,568,632,13.7,2,4611,5,0.185185185,6.612622576,N,low,780.8220199,0.496111809
373,1-OCTENE,KWKAKUADMBZCLK-UHFFFAOYSA-N,KWKAKUADMBZCLK,24,112.24,594,594,0.61,25,3248,5,0.217391304,6.521420138,,low,746.734027,0.668377621
39,Methyl oxane-2-carboxylate,MHZRCUVVJMWSMP-UHFFFAOYSA-N  ,MHZRCUVVJMWSMP,22,144.08,NA,NA,NA,NA,6446,4,0.133333333,2.753278196,,high,821.327348,0.694071292
71,"2,5-Cyclooctadien-1-one",RRGABRVOWQSLPI-PQZOIKATSA-N ,RRGABRVOWQSLPI,19,122.07,NA,NA,NA,NA,2984,4,0.133333333,3.704957397,,high,671.6409004,0.481768376
76,Ethyl 1-(2-propynyl)-2-oxocyclopentanecarboxylate,SGKFFLPUDHYUQQ-UHFFFAOYSA-N ,SGKFFLPUDHYUQQ,28,194.09,NA,NA,NA,NA,7714,4,0.137931034,3.442895747,,high,547.8912107,0.450355959
90,"1H,3H-Pyrano[3,4-c]pyran-5-carboxaldehyde, 4,4a,5,6-tetrahydro-6-methyl-1-oxo-, [4as-(4aα,5α,6β)]-",XPXHSUOIQNJEQI-UHFFFAOYSA-N ,XPXHSUOIQNJEQI,26,196.07,NA,NA,NA,NA,6771,4,0.173913043,3.387065501,,high,680.9472034,0.226381668
157,(3-Methyl-oxiran-2-yl)-methanol,QQHZNUPEBVRUFO-UHFFFAOYSA-N ,QQHZNUPEBVRUFO,14,88.05,517,518,0.01,56,1119,4,0.078431373,3.677180109,,high,616.1805583,0.425711911
181,"Adamantan-2-one-1-carboxylic acid, ethylene ketal, methyl ester",DOQQPEJQASLOBG-UHFFFAOYSA-N ,DOQQPEJQASLOBG,38,252.14,513,516,6.63,3,25073,4,0.090909091,3.188323138,,high,810.9784897,0.519254581
194,"Adamantane, 1-acetoxy-3-(1-acetoxy-1-methylethyl)-",RLXDPLARQIAXJE-UHFFFAOYSA-N  ,RLXDPLARQIAXJE,47,294.18,527,538,7.32,7,38168,4,0.076923077,3.306134974,,high,283.6960136,0.497321453
195,"Adamantane, 1-acetyl-2,2-ethylenedioxy-",QYZUXPQHBRUDQD-UHFFFAOYSA-N ,QYZUXPQHBRUDQD,37,236.14,527,538,7.32,7,20475,4,0.085106383,2.948061745,,high,866.3186084,0.759870249
262,"2-BUTYNE-1,4-DIAMINE, N,N'-DIETHYL-",DHLUQZDOGQUIOO-UHFFFAOYSA-N,DHLUQZDOGQUIOO,26,140.26,NA,NA,NA,NA,8258,4,0.16,8.039973014,N,low,161.789353,0.349778619
302,2-NONYNE,LXKRETAGISZJAD-UHFFFAOYSA-N,LXKRETAGISZJAD,25,124.25,499,559,NA,NA,3982,4,0.166666667,7.187608928,,low,241.0853759,0.444674643
304,"4,5-NONADIENE",NYLHDUHTALIPLY-UHFFFAOYNA-N,NYLHDUHTALIPLY,25,124.25,NA,NA,NA,NA,4866,4,0.166666667,7.118007534,,low,432.4395034,0.284384755
305,"3,4-NONADIENE",CHGXUMHYPKPHMB-UHFFFAOYNA-N,CHGXUMHYPKPHMB,25,124.25,NA,NA,NA,NA,4132,4,0.166666667,7.118007534,,low,255.0844142,0.361272392
306,"2,3-NONADIENE",QPYQHAPIBCQICN-UHFFFAOYNA-N,QPYQHAPIBCQICN,25,124.25,NA,NA,NA,NA,4103,4,0.166666667,7.118007534,,low,233.4806057,0.399194508
310,"CIS,CIS-2,7-NONADIENE",MAMCJGWPGQJKLS-GLIMQPGKSA-N,MAMCJGWPGQJKLS,25,124.25,463,523,NA,NA,7814,4,0.166666667,7.048743464,,low,367.6076107,0.468764907
320,"PROPANENITRILE, 3,3'-IMINOBIS-",SBAJRGRUGUQKAF-UHFFFAOYSA-N,SBAJRGRUGUQKAF,18,127.22,588,615,13.2,9,3352,4,0.19047619,6.97981672,N,low,703.8981168,0.769035749
354,"ETHANAMINE, N-PENTYLIDENE-",BHZZIQKQPOHRIL-BQYQJAHWSA-N,BHZZIQKQPOHRIL,22,114.24,NA,NA,NA,NA,3059,4,0.173913043,6.687004554,N,low,461.6512685,0.295671072
355,"BUTANAL, ETHYLHYDRAZONE",YICJUYKPMNNKIA-SOFGYWHQSA-N,YICJUYKPMNNKIA,22,115.23,517,529,NA,NA,2685,4,0.181818182,6.615786811,N,low,841.1412011,0.493167199
356,"ACETALDEHYDE, BUTYLHYDRAZONE",CGCWYQXCVFERRJ-QPJJXVBHSA-N,CGCWYQXCVFERRJ,22,115.23,514,516,NA,NA,3689,4,0.181818182,6.615786811,N,low,879.0834987,0.349626144
357,"PROPANAL, PROPYLHYDRAZONE",UMOZTPPKYZWOTB-FNORWQNLSA-N,UMOZTPPKYZWOTB,22,115.23,NA,NA,NA,NA,6501,4,0.181818182,6.615786811,N,low,858.6275249,0.365321121
371,"3-OCTENE, (E)-",YCTDZYMMFQCTEO-FNORWQNLSA-N,YCTDZYMMFQCTEO,24,112.24,NA,NA,NA,NA,6875,4,0.173913043,6.521420138,,low,770.4005632,0.461030987
372,"3-OCTENE, (Z)-",YCTDZYMMFQCTEO-ALCCZGGFSA-N,YCTDZYMMFQCTEO,24,112.24,NA,NA,NA,NA,4179,4,0.173913043,6.521420138,,low,741.1993073,0.48663962
374,"4-OCTENE, (Z)-",IRUCBBFNLDIMIK-FPLPWBNLSA-N,IRUCBBFNLDIMIK,24,112.24,655,687,3.37,67,3492,4,0.173913043,6.521420138,,low,856.952025,0.413355484
375,2-OCTENE,ILPBINAXDRFYPL-HWKANZROSA-N,ILPBINAXDRFYPL,24,112.24,632,714,2.39,8,3437,4,0.173913043,6.521420138,,low,766.5095864,0.769793768
377,"4-OCTENE, (E)-",IRUCBBFNLDIMIK-BQYQJAHWSA-N,IRUCBBFNLDIMIK,24,112.24,NA,NA,NA,NA,3695,4,0.173913043,6.521420138,,low,867.1369749,0.408988147
11,"1,1-Cyclobutanedicarboxylic acid",CCQPAEQGAVNNIA-UHFFFAOYSA-N ,CCQPAEQGAVNNIA,18,144.04,494,547,0.26,8,2495,3,0.111111111,1.617727737,,high,413.549306,0.544609554
40,"Cyclopropanecarboxylic acid, 2-phenyl-, ethyl ester, cis-",SRGUIJLJERBBCM-UHFFFAOYSA-N ,SRGUIJLJERBBCM,28,190.10,599,604,2.18,5,7825,3,0.088235294,1.730015086,,high,883.0103741,0.686006085
100,"3,5-Methano-2H-cyclopenta[b]furan-2-one, 3,3a,4,5,6,6a-hexahydro-4,4-dimethoxy-, (3R,3a-trans,5-cis,6a-trans)-",GEVZGXBMPXTKPK-UHFFFAOYSA-N  ,GEVZGXBMPXTKPK,28,198.09,364,510,NA,NA,8306,3,0.090909091,3.987188292,,high,592.8554217,0.387708915
107,2-Isopropyl-3-vinyloxirane,RFBDBLSVNCYCGP-UHFFFAOYSA-N  ,RFBDBLSVNCYCGP,20,112.09,414,414,NA,NA,2035,3,0.136363636,1.896693258,,high,344.9118977,0.37897374
122,"Tricyclo[5.1.0.0(3,5)]octane-2,6-dione, 1,3,5,7-tetramethyl-",BQPCLLPLCLJTSD-UHFFFAOYSA-N  ,BQPCLLPLCLJTSD,30,192.12,595,617,12.4,1,9818,3,0.15,1.953208771,,high,866.8908102,0.760263484
124,"Furan, 2,3-dihydro-",JKTCBAGSMQIFNL-UHFFFAOYSA-N ,JKTCBAGSMQIFNL,11,70.04,NA,NA,NA,NA,901,3,0.15,1.953208771,,high,909.627777,0.732909871
158,"Oxirane-2-carboxylic acid, methyl ester",YKNYRRVISWJDSR-UHFFFAOYSA-N ,YKNYRRVISWJDSR,13,102.03,493,493,NA,NA,978,3,0.063829787,3.045166951,,high,562.4966593,0.675399247
163,"Adamantan-1-amine, N-(4-methoxybenzylidene)-",CIJYMDAJQWMQSG-XDHOZWIPSA-N  ,CIJYMDAJQWMQSG,43,269.18,575,592,3.76,28,31155,3,0.051724138,4.091864689,,high,827.5010161,0.929151909
202,"1-Adamantanecarboxylic acid, 1-cyclopentylethyl ester",BURRFGDWEAFZRW-UHFFFAOYSA-N ,BURRFGDWEAFZRW,48,276.21,NA,NA,NA,NA,29300,3,0.103448276,1.910186237,,high,206.1778991,0.824308716
300,4-NONYNE,RAYTXPDVKZFUEI-UHFFFAOYSA-N,RAYTXPDVKZFUEI,25,124.25,NA,NA,NA,NA,4448,3,0.125,7.187608928,,low,708.1290141,0.371483537
301,3-NONYNE,SRRDSRCWRHKEKU-UHFFFAOYSA-N,SRRDSRCWRHKEKU,25,124.25,NA,NA,NA,NA,6535,3,0.125,7.187608928,,low,509.7204666,0.668085559
370,2-(BUT-2-ENYLIDENEAMINO)-SUCCINONITRILE,NRLOQPDAYBRDMK-PDGXAJGZNA-N,NRLOQPDAYBRDMK,20,152.25,536,538,13.3,19,5254,3,0.125,6.545117176,N,low,754.6313526,0.624927135
8,"Bicyclo[3.2.2]non-3-en-2-one, 6,7-epoxy-",YAMYUSZFVNTKPG-UHFFFAOYSA-N,YAMYUSZFVNTKPG,21,150.07,511,515,0.69,23,4526,2,0.153846154,3.102654399,,high,903.0839277,0.495479892
9,"1,3-Butadiene-1-carboxylic acid",SDVVLIIVFBKBMG-ONEGZZNKSA-N   ,SDVVLIIVFBKBMG,13,98.04,607,607,15.2,2,1245,2,0.166666667,3.227342765,,high,834.4014672,0.67609729
10,"2-Butenoic acid, 4-oxo-",ZOIRMVZWDRLJPI-OWOJBTEDSA-N   ,ZOIRMVZWDRLJPI,11,100.02,551,551,2.12,6,879,2,0.1,1.784977508,,high,826.297127,0.521805095
15,"1,3-Dimethyl-2-oxabicyclo(4.1.0)hept-3-en-5-one",GZOUQKLFUKOBFC-UHFFFAOYSA-N ,GZOUQKLFUKOBFC,20,138.07,532,562,6.95,2,2488,2,0.117647059,3.954758307,,high,860.5888675,0.430652027
34,"1,3-Dioxolan-2-one",KMTRUDSVKNLOMY-UHFFFAOYSA-N ,KMTRUDSVKNLOMY,10,88.02,458,458,8.37,2,635,2,0.117647059,2.183194443,,high,968.2571083,0.300709851
37,"cis-7-Ethoxycarbonyl-bicyclo(4,3,0)non-3,7-diene",AGGBUZDFXBQJIY-NXEZZACHSA-N,AGGBUZDFXBQJIY,30,192.12,526,594,1.81,6,9506,2,0.1,2.333378279,,high,792.1121846,0.627302704
38,"2(3H)-Furanone, 5-ethoxydihydro-",RGFKJRWDZOGFEG-UHFFFAOYSA-N ,RGFKJRWDZOGFEG,19,130.06,519,519,0.07,7,2133,2,0.086956522,2.992332201,,high,573.1714433,0.816914939
41, 1-(3-Phenyl-bicyclo[1.1.1]pent-1-yl)-propan-1-one,UBUUYJMRKQFFLA-UHFFFAOYSA-N ,UBUUYJMRKQFFLA,31,200.12,424,425,57.3,1,9836,2,0.08,2.496988451,,high,510.8739826,0.501113657
45,Glycolaldehyde dimer,ATFVTAOSZBVGHC-UHFFFAOYSA-N ,ATFVTAOSZBVGHC,16,120.04,NA,NA,NA,NA,1716,2,0.08,2.838891333,,high,167.0018572,0.018112314
48,D(+)-Talose,WQZGKKKJIJFFOK-UHFFFAOYSA-N ,WQZGKKKJIJFFOK,24,180.06,441,501,3.88,8,4085,2,0.090909091,1.994947373,,high,187.0854119,0.610954153
61,"3-Cyclobutene-1,2-dione, 3,4-dimethyl-",XSPNWUVAVYEPBO-UHFFFAOYSA-N  ,XSPNWUVAVYEPBO,14,110.04,523,523,0.42,13,1173,2,0.105263158,2.382754446,,high,937.4857982,0.637872277
62, 2-Methyl-3-vinyl-oxirane,SZERAFCDZCHRQS-UHFFFAOYSA-N  ,SZERAFCDZCHRQS,14,84.06,402,402,NA,NA,988,2,0.095238095,0.891686099,,high,305.5441379,0.354623004
68,2H-Pyran-2-one,ZPSJGADGUYYRKE-UHFFFAOYSA-N  ,ZPSJGADGUYYRKE,11,96.02,487,574,2.3,NA,975,2,0.086956522,2.780024696,,high,935.4217983,0.793286096
73,1-Cyclohexenylacetic acid,KDFBPHXESBPHTK-UHFFFAOYSA-N ,KDFBPHXESBPHTK,22,140.08,NA,NA,NA,NA,3836,2,0.111111111,2.540706236,,high,785.6952581,0.533711396
79,6-(p-Tolyl)-2H-pyran-2-one,QPXKJZPVHDWMHT-UHFFFAOYSA-N  ,QPXKJZPVHDWMHT,24,186.07,492,568,0.19,54,6395,2,0.111111111,2.280619083,,high,769.9349324,0.517058436
91,Dimethylketene,VDOKWPVSGXHSNP-UHFFFAOYSA-N ,VDOKWPVSGXHSNP,11,70.04,447,447,NA,NA,778,2,0.068965517,1.325508604,,high,887.2596496,0.432519236
94,Bicyclo[2.2.0]hexane-1-carboxaldehyde,VGTQPUNAYLVUSS-UHFFFAOYSA-N ,VGTQPUNAYLVUSS,18,110.07,NA,NA,NA,NA,4030,2,0.105263158,1.332362255,,high,331.3505724,0.608664402
95,"Benzaldehyde, 4-(2-propenyloxy)-",TYNJQOJWNMZQFZ-UHFFFAOYSA-N ,TYNJQOJWNMZQFZ,22,162.07,614,617,75.4,1,3366,2,0.064516129,1.692054945,,high,834.021153,0.895140745
102,"Cyclobutanone, 2-ethyl-",FZZIOLFULBXCKD-UHFFFAOYSA-N ,FZZIOLFULBXCKD,17,98.07,710,742,2.36,25,2135,2,0.1,1.386428864,,high,935.8053434,0.835333241
106,"7-Oxabicyclo[4.1.0]heptan-2-one, 6-methyl-",QDIYYQQYVPMKJZ-UHFFFAOYSA-N ,QDIYYQQYVPMKJZ,19,126.07,538,538,NA,NA,2424,2,0.117647059,1.153272415,,high,764.9721989,0.630732874
113,"Bicyclo[2.2.1]heptan-2-ol, 3,3-dimethyl-, exo-",HXUXMDQJDDDOIJ-UHFFFAOYSA-N  ,HXUXMDQJDDDOIJ,26,140.12,476,574,NA,NA,6128,2,0.125,1.214223942,,high,524.0031021,0.489090389
114,6-Hydroxyhexahydrocyclopenta[b]furan-2-one,MBJJGJACXCAZKL-UHFFFAOYSA-N  ,MBJJGJACXCAZKL,20,142.06,454,454,NA,NA,3041,2,0.125,1.069397896,,high,672.4524079,0.475021693
128,"Oxirane, 2-ethyl-2-methyl-",QZXUQPKFNQQQAJ-UHFFFAOYSA-N ,QZXUQPKFNQQQAJ,16,86.07,NA,NA,NA,NA,1367,2,0.068965517,2.233732042,,high,392.4934689,0.425037773
143,"2,4-Dimethyl-oxetane",KPPWZEMUMPFHEX-UHFFFAOYSA-N  ,KPPWZEMUMPFHEX,16,86.07,276,276,NA,NA,2628,2,0.083333333,2.642412029,,high,413.5615652,0.729019229
146,4-Hydroxy-2(5H)-furanone,JZQBAGOECGRTSA-UHFFFAOYSA-N ,JZQBAGOECGRTSA,11,100.02,339,339,NA,NA,830,2,0.1,2.216323279,,high,797.7694975,0.238005158
153,"Oxirane, trimethyl-",QPBYBLZYMNWGMO-UHFFFAOYSA-N  ,QPBYBLZYMNWGMO,16,86.07,303,303,NA,NA,3030,2,0.142857143,1.187874946,,high,434.3623484,0.457041281
154,"Cyclopropanemethanol, α,α-dimethyl-2-methylene-",OYJPJMVNLCUHNZ-UHFFFAOYSA-N ,OYJPJMVNLCUHNZ,20,112.09,NA,NA,NA,NA,4863,2,0.117647059,1.189801622,,high,402.6119863,0.345334347
164,1-Adamantanol,VLLNJDMHDJRNFK-UHFFFAOYSA-N  ,VLLNJDMHDJRNFK,27,152.12,NA,NA,NA,NA,6696,2,0.031746032,4.114064707,,high,668.3124533,0.238128687
166,"Adamantan-1-ol, 3-(3-methyl-[1,2,4]triazol-1-yl)-",ZQISSADDPTYZGO-UHFFFAOYSA-N ,ZQISSADDPTYZGO,36,233.15,NA,NA,NA,NA,19167,2,0.031746032,4.114064707,,high,534.5283882,0.160190883
175,"Adamantan-2-ol, 2-phenyl-",FSVUOZUVEZBKGB-UHFFFAOYSA-N ,FSVUOZUVEZBKGB,37,228.15,560,582,3.96,6,21601,2,0.047619048,2.326676724,,high,807.4771104,0.511203607
179,"Adamantan-2-ol, 5-amino-",IQZMKGCMSXOILZ-UHFFFAOYSA-N ,IQZMKGCMSXOILZ,29,167.13,426,518,NA,NA,8633,2,0.046511628,3.20806808,,high,659.2399319,0.33031242
351,"2-NONEN-4-YNE, (Z)-",VSLJPTWFNWRVBG-HYXAFXHYSA-N,VSLJPTWFNWRVBG,23,122.23,527,527,NA,NA,3859,2,0.090909091,6.729971327,,low,744.7645312,0.629356061
352,"2-NONEN-4-YNE, (E)-",VSLJPTWFNWRVBG-HWKANZROSA-N,VSLJPTWFNWRVBG,23,122.23,572,572,NA,NA,5965,2,0.090909091,6.729971327,,low,750.1984509,0.702755075
4,4-Vinylcyclohexene diepoxide (isomer 2),OECTYKWYRCHAKR-UHFFFAOYSA-N   ,OECTYKWYRCHAKR,22,140.08,442,457,73.2,NA,4994,1,0.041666667,0.968719973,,high,233.838459,0.595372241
5,Ethoxyacetylene,WMYNMYVRWWCRPS-UHFFFAOYSA-N  ,WMYNMYVRWWCRPS,11,70.04,NA,NA,NA,NA,600,1,0.1,3.181244729,,high,280.2421865,0.56490152
28,Propylene ozonide,IZHVFAKMAKGJLM-UHFFFAOYSA-N  ,IZHVFAKMAKGJLM,12,90.03,NA,NA,NA,NA,1578,1,0.1,2.711671445,,high,681.5617143,0.557893737
30,"1,2,4-Trioxolane",RZYIPLSVRHWROD-UHFFFAOYSA-N ,RZYIPLSVRHWROD,9,76.02,443,443,68.3,1,1354,1,0.035714286,3.613957584,,high,837.0841086,0.543055763
46,"1,3-Dihydroxyacetone dimer",KEQUNHIAUQQPAC-UHFFFAOYSA-N ,KEQUNHIAUQQPAC,24,180.06,NA,NA,NA,NA,3803,1,0.041666667,2.998857948,,high,155.4316449,0.658853113
52,"7-Oxabicyclo[4.1.0]heptane, 2-methylene-",RBGPCWFDIPYZNK-UHFFFAOYSA-N  ,RBGPCWFDIPYZNK,18,110.07,568,571,0.19,17,5035,1,0.047619048,0.891686099,,high,724.8675293,0.646169152
53,"2-Cyclopenten-1-one, 5-hydroxy-2,3-dimethyl-",GOTCNQYWFYTGJN-UHFFFAOYSA-N  ,GOTCNQYWFYTGJN,19,126.07,589,590,27.1,1,2732,1,0.03030303,1.609411641,,high,778.8584132,0.318437841
54,"Cyclobutanone, 2-methyl-2-oxiranyl-",FRZGGKAGDGVHBI-UHFFFAOYSA-N  ,FRZGGKAGDGVHBI,19,126.07,NA,NA,NA,NA,5011,1,0.076923077,0.750023276,,high,243.2006811,0.366819442
55,"Bicyclo[2.2.1]heptan-2-ol, 2-(1-cyclopenten-1-yl)-",UEFLEQZTKKQMBA-UHFFFAOYSA-N  ,UEFLEQZTKKQMBA,31,178.14,NA,NA,NA,NA,9919,1,0.090909091,0.484252849,,high,401.2894495,0.408401872
56,Cyclopropanecarboxylic acid,YMGUBTXCNDTFJI-UHFFFAOYSA-N  ,YMGUBTXCNDTFJI,12,86.04,505,506,0,25,2848,1,0.071428571,0.549627691,,high,424.0703749,0.598539624
58,2-Methyl-2-vinyloxirane,FVCDMHWSPLRYAB-UHFFFAOYSA-N  ,FVCDMHWSPLRYAB,14,84.06,262,262,NA,NA,1026,1,0.071428571,0.701631089,,high,394.0273692,0.272694917
60,"2-Methyl-3,4-epoxy-1-butene",JZQHTTYHPIAPCZ-UHFFFAOYSA-N ,JZQHTTYHPIAPCZ,14,84.06,401,407,NA,NA,1082,1,0.071428571,0.701631089,,high,679.6585629,0.416567822
67,"4H-Cyclopenta[3,4]cyclobuta[1,2-b]furan-4-one, 3a,3b,5,6,6a,6b-hexahydro-",SLQIRJLLGUWLOC-UHFFFAOYSA-N ,SLQIRJLLGUWLOC,21,150.07,562,568,0.42,29,4472,1,0.05,2.097019212,,high,887.2904391,0.58941676
69,"2(5H)-Oxepinone, 6,7-dihydro-",QKRUPRBAQFNCCY-UHFFFAOYSA-N  ,QKRUPRBAQFNCCY,16,112.05,227,347,NA,NA,1562,1,0.090909091,3.73418789,,high,796.6531772,0.416474492
74,1-Methoxy-1-buten-3-yne,VTWTUVLDYHBQTC-SNAWJCMRSA-N ,VTWTUVLDYHBQTC,12,82.04,NA,NA,NA,NA,1011,1,0.038461538,2.395890944,,high,792.4242634,0.461629565
81,"1,2-Cyclobutanedicarboxylic acid, 3-methyl-, dimethyl ester",LQPITCKFNIFQEH-UHFFFAOYSA-N  ,LQPITCKFNIFQEH,27,186.09,370,444,NA,NA,6536,1,0.052631579,0.890503456,,high,453.1953951,0.431646594
82,Spirohexan-5-one,MKWQOXREXMKNOA-UHFFFAOYSA-N ,MKWQOXREXMKNOA,15,96.06,477,477,NA,NA,1301,1,0.03030303,2.695054581,,high,593.6063517,0.639576547
84,cis-Aconitic anhydride,GVJRTUUUJYMTNQ-UHFFFAOYSA-N ,GVJRTUUUJYMTNQ,15,156.01,370,370,NA,NA,3691,1,0.083333333,0.548772018,,high,809.6535893,0.216649799
97,Isobutylene epoxide,GELKGHVAFRCJNA-UHFFFAOYSA-N   ,GELKGHVAFRCJNA,13,72.06,380,380,0,73,2380,1,0.055555556,1.240914453,,high,625.0518066,0.541411468
98,"1,6-Anhydro-2,4-dideoxy-β-D-arabo-hexopyranose",GXABMYNLRYTXGK-UHFFFAOYSA-N ,GXABMYNLRYTXGK,19,130.06,NA,NA,NA,NA,2736,1,0.04,1.555324538,,high,575.0631992,0.332136413
105,"2(3H)-Furanone, 4,5-dihydro-5-methoxy-4-(2,3-dimethyl-2-buten-4-yl)-",LGSHCFJZAMQQIF-UHFFFAOYSA-N,LGSHCFJZAMQQIF,32,198.13,NA,NA,NA,NA,10240,1,0.055555556,1.240914453,,high,410.799268,0.283808957
116,Epoxyfilifolone,UMXWFBSAWGHMMF-UHFFFAOYSA-N  ,UMXWFBSAWGHMMF,26,166.10,262,262,NA,NA,6602,1,0.052631579,1.030575077,,high,606.1015339,0.356644946
123,"Furan, 2,5-dihydro-",ARGCQEVBJHPOGB-UHFFFAOYSA-N ,ARGCQEVBJHPOGB,11,70.04,647,647,7.6,3,1949,1,0.0625,0.667031279,,high,950.2436417,0.605498967
125,"2-Oxetanone, 3,3-dimethyl-",ULKFLOVGORAZDI-UHFFFAOYSA-N ,ULKFLOVGORAZDI,15,100.05,NA,NA,NA,NA,1228,1,0.047619048,0.762067898,,high,509.3445509,0.406619987
132,"Furan, tetrahydro-3-methyl-4-methylene-",JJDXDJKPBZIXPI-UHFFFAOYSA-N  ,JJDXDJKPBZIXPI,17,98.07,584,584,0.42,16,2234,1,0.076923077,0.618200032,,high,695.9610606,0.607791492
142,"2-Oxetanone, 4-methyl-",GSCLMSFRWBPUSK-UHFFFAOYSA-N  ,GSCLMSFRWBPUSK,12,86.04,560,560,0,29,1643,1,0.076923077,0.750023276,,high,799.2941803,0.891502251
149,"1,2,4,5-Tetroxane, 3,3,6,6-tetramethyl-",SJQITXILEOCXGI-UHFFFAOYSA-N  ,SJQITXILEOCXGI,22,148.07,NA,NA,NA,NA,2202,1,0.05,0.984179478,,high,369.251753,0.170980985
150,"2,3-Dioxabicyclo[2.2.1]heptane",RNFXAEBUWFIOQW-UHFFFAOYSA-N ,RNFXAEBUWFIOQW,15,100.05,152,165,NA,NA,2445,1,0.045454545,1.106056597,,high,290.0066739,0.333162379
152,"Oxetane, 2,2-dimethyl-",XHYFCIYCSYEDCP-UHFFFAOYSA-N ,XHYFCIYCSYEDCP,16,86.07,527,527,1.02,27,2893,1,0.071428571,0.82257272,,high,600.5893806,0.516007262
155,"Ethanone, 1-(trimethyloxiranyl)-",WBHTXOSVODIGTN-UHFFFAOYSA-N  ,WBHTXOSVODIGTN,21,128.08,NA,NA,NA,NA,4431,1,0.038461538,2.292605532,,high,196.6365197,0.640600743
160,2-Acetyl-3-methyl-benzo-p-dioxin,CMHPVTDHZRQCAR-UHFFFAOYSA-N  ,CMHPVTDHZRQCAR,24,190.06,539,558,22.3,1,5081,1,0.026315789,2.056062056,,high,923.2624995,0.946797249
161,Amantadine,DKNWSYNQZKUICI-UHFFFAOYSA-N ,DKNWSYNQZKUICI,28,151.14,484,574,NA,NA,7278,1,0.024390244,1.928678195,,high,644.4279906,0.248608487
170,(Adamantan-1-yl)[4-(2-ethoxyphenyl)piperazin-1-yl]methanone,CERXFJHZAWSIBN-UHFFFAOYSA-N  ,CERXFJHZAWSIBN,59,368.25,375,524,0.11,52,10849,1,0.025,1.99867989,,high,511.0357835,0.431228578
188,"Adamantane-1,3,5,7-tetracarboxylic acid",VWAIZPYLEYEEFK-UHFFFAOYSA-N ,VWAIZPYLEYEEFK,38,312.08,561,564,3.75,3,37900,1,0.024390244,2.003317622,,high,930.1975781,0.934092644
191,"Adamantane, 1,3-dimethyl-",CWNOIUTVJRWADX-UHFFFAOYSA-N  ,CWNOIUTVJRWADX,32,164.16,526,552,0.05,97,11119,1,0.028571429,1.851188747,,high,576.7707915,0.552543224
192,"Adamantane-1,3-diol",MOLCWHCSXCKHAP-UHFFFAOYSA-N ,MOLCWHCSXCKHAP,28,168.12,NA,NA,NA,NA,8129,1,0.032258065,1.669011248,,high,558.9175805,0.277020686
198,Adamantane-1-carbohydrazide,FJXQVRADKYKERU-UHFFFAOYSA-N ,FJXQVRADKYKERU,32,194.14,648,668,0.58,20,10452,1,0.045454545,0.854713416,,high,876.9234827,0.954094591
201,"1-Adamantanecarboxylic acid, 1-cyclohexyliminoprop-2-yl ester N-oxide",NQPLKNMDHGQUDV-BKUYFWCQSA-N ,NQPLKNMDHGQUDV,54,319.23,NA,NA,NA,NA,50974,1,0.033333333,1.393292222,,high,839.0239647,0.933542533
203,"1-Adamantanecarboxylic acid, 2,2-dimethylpropyl ester",STDNHSQWRFEMLO-UHFFFAOYSA-N ,STDNHSQWRFEMLO,44,250.19,NA,NA,NA,NA,19311,1,0.047619048,0.762067898,,high,699.4909401,0.975320619
521,"2,2'-BIOXIRANE",ZFIVKAOQEXOYFY-UHFFFAOYNA-N,ZFIVKAOQEXOYFY,12,86.10,268,268,NA,NA,745,1,0.076923077,0.383815512,,high,174.8538669,0.206730752
542,"CYCLOPROPENE, 3-METHYL-3-VINYL-",AZGBUFPIKVKSCD-UHFFFAOYSA-N,AZGBUFPIKVKSCD,14,80.14,420,422,NA,NA,3851,1,0.071428571,0.460739407,,high,624.8556975,0.413509689
545,"AZIRIDINE, 1-ETHENYL-",VZNJDNKFUXILTJ-UHFFFAOYSA-N,VZNJDNKFUXILTJ,11,69.12,736,737,36.1,2,1131,1,0.083333333,0.484252849,,high,937.0355179,0.839270485
565,"3-ETHENYLTRICYCLO[2.2.1.0(2,6)]HEPTANE",MYKZRKOXOASWGJ-UHFFFAOYNA-N,MYKZRKOXOASWGJ,21,120.21,NA,NA,NA,NA,4433,1,0.043478261,0.563575599,,high,540.9247272,0.396209159
576,"CYCLOPROPANE, ETHENYLMETHYLENE-",MTFFBUSJVZMBOK-UHFFFAOYNA-N,MTFFBUSJVZMBOK,14,80.14,511,514,NA,NA,4008,1,0.071428571,0.592156846,,high,677.2678547,0.488270594
578,"1,1'-BICYCLOPROPYL, 1,1'-DIMETHYL-",UEKMEJJABUQZMZ-UHFFFAOYSA-N,UEKMEJJABUQZMZ,22,110.22,NA,NA,NA,NA,4969,1,0.043478261,0.595486111,,high,347.1858149,0.430873919
580,"OXIRANEMETHANOL, (R)-",CTKINSOISVBQLD-YEQUQEJONA-N,CTKINSOISVBQLD,11,74.09,539,696,0.09,22,2172,1,0.090909091,0.596850436,,high,267.2326896,0.760786704
590,"AZIRIDINE, 2-ETHYL-",CSWPOLMVXVBCSV-UHFFFAOYNA-N,CSWPOLMVXVBCSV,13,71.14,NA,NA,NA,NA,1084,1,0.071428571,0.618200032,,high,762.6079681,0.721991698
591,(AMINOMETHYL)CYCLOPROPANE,IGSKHXTUVXSOMB-UHFFFAOYSA-N,IGSKHXTUVXSOMB,13,71.14,588,597,0.16,49,1072,1,0.071428571,0.618200032,,high,834.5580915,0.777083694
594,CYCLOPROPYL CARBINOL,GUDMZGLFZNLYEY-UHFFFAOYSA-N,GUDMZGLFZNLYEY,12,72.12,428,432,NA,NA,1104,1,0.076923077,0.618200032,,high,361.1824595,0.466995154
595,3-PHENYL-1-AZA-BICYCLO[1.1.0]BUTANE,HYSAJZJNEJKIMJ-UHFFFAOYSA-N,HYSAJZJNEJKIMJ,18,131.19,523,523,0.5,39,4495,1,0.047619048,0.627548795,,high,790.1089629,0.616486085
599,"CYCLOPROPANECARBOXALDEHYDE, METHYLENE-",RVDQZNUZKSPPND-UHFFFAOYNA-N,RVDQZNUZKSPPND,11,83.12,473,474,NA,NA,2864,1,0.076923077,0.635866984,,high,453.1562599,0.405414193
605,(2-METHYLOXIRANYL)METHANOL,AAVHHYWBSVSPPN-UHFFFAOYNA-N,AAVHHYWBSVSPPN,0,88.12,494,530,NA,NA,8928,1,0.071428571,0.648515706,,high,604.4378664,0.79919317
1,"3-Cyclobutene-1,2-dione",RGBVWCQARBEPPW-UHFFFAOYSA-N,RGBVWCQARBEPPW,8,82.01,680,681,83.1,1,665,0,0,0.556193533,,high,971.5199066,0.838771946
6," 3,8-Dioxatricyclo[5.1.0.0(2,4)]octane, 4-ethenyl-",JNYASWYZHOGSHZ-UHFFFAOYSA-N,JNYASWYZHOGSHZ,20,138.07,537,537,2.22,6,4938,0,0,1.311100457,,high,426.3245933,0.448793005
7,4-Hydroxyadamantan-2-one,MDHZLHGRJCMNLA-UHFFFAOYSA-N ,MDHZLHGRJCMNLA,26,166.10,NA,NA,NA,NA,6597,0,0,1.007663061,,high,748.78145,0.487489134
12,"Spirohexane-1-carboxylic acid, ethyl ester",NMHNCGKWEZUMIX-UHFFFAOYSA-N ,NMHNCGKWEZUMIX,25,154.10,556,558,2.15,10,5199,0,0,1.277034801,,high,639.686346,0.686310512
13,2-Butene ozonide,MYHLVTYWMZRDMZ-UHFFFAOYSA-N   ,MYHLVTYWMZRDMZ,15,104.05,347,347,0,30,2176,0,0,1.127716258,,high,475.3979017,0.419355063
16,"1,3,4-Hexatriene, 3-methoxy-",STCWNOWVXWSYAF-UHFFFAOYSA-N ,STCWNOWVXWSYAF,18,110.07,496,496,0.13,47,5360,0,0,1.102498126,,high,847.8726963,0.323175465
17,Succinic anhydride,RINCXYDBBGOEEQ-UHFFFAOYSA-N  ,RINCXYDBBGOEEQ,11,100.02,702,702,55.1,1,779,0,0,2.057448113,,high,521.4332404,0.573300733
18,"1,4-Dioxane-2,5-dione, 3,6-dimethyl-",JJTUDXZGHPGLLC-UHFFFAOYSA-N  ,JJTUDXZGHPGLLC,18,144.04,NA,NA,NA,NA,1892,0,0,1.187874946,,high,250.0448813,0.302564237
19,Propylene Carbonate,RUOJZAUFBMNUDX-UHFFFAOYSA-N  ,RUOJZAUFBMNUDX,13,102.03,454,478,0.36,12,860,0,0,0.256029748,,high,677.4598493,0.261227745
20,Propylene oxide,GOOHAUXETOMSMM-UHFFFAOYSA-N ,GOOHAUXETOMSMM,10,58.04,628,628,8.83,2,518,0,0,0.401621983,,high,921.6422064,0.794253519
21,Trimethylene oxide,AHHWIHXENZJRFG-UHFFFAOYSA-N  ,AHHWIHXENZJRFG,10,58.04,335,335,1.21,3,915,0,0,1.471988059,,high,172.5205976,0.801835186
22,"1,4-Dioxane",RYHBNJHYFVUHQT-UHFFFAOYSA-N ,RYHBNJHYFVUHQT,14,88.05,418,418,10.4,3,1583,0,0,1.291703275,,high,920.7095019,0.768207004
23,"7-Oxabicyclo[4.2.1]nona-2,4-dien-8-one",GFUHHAFPAPLHDR-UHFFFAOYSA-N ,GFUHHAFPAPLHDR,18,136.05,NA,NA,NA,NA,3732,0,0,1.656745325,,high,655.7422655,0.432520332
24,"1,4-Cyclohexanedione",DCZFGQYXRKMVFG-UHFFFAOYSA-N ,DCZFGQYXRKMVFG,16,112.05,740,740,52.9,1,2998,0,0,0.089430783,,high,971.0199572,0.856034975
25,Ethylene oxide,IAYPIBMASNFSPL-UHFFFAOYSA-N ,IAYPIBMASNFSPL,7,44.03,592,592,48.7,1,450,0,0,1.095000712,,high,906.019398,0.741550244
26,"2,5-Methano-2H-furo[3,2-b]pyran-8-one, hexahydro-",QDHIMWQUHRGIEV-UHFFFAOYSA-N   ,QDHIMWQUHRGIEV,21,154.06,NA,NA,NA,NA,5468,0,0,1.018054138,,high,423.3256316,0.330855435
27,"2,3-Dioxabicyclo[2.2.2]octane",BFPOIBUGVNVNKU-UHFFFAOYSA-N ,BFPOIBUGVNVNKU,18,114.07,234,360,5.6,NA,1691,0,0,1.049840371,,high,278.3880598,0.613816337
29,Propanal,NBBJYMSMWIIQGU-UHFFFAOYSA-N ,NBBJYMSMWIIQGU,10,58.04,399,399,0.28,18,1185,0,0,0.835996625,,high,646.1524116,0.625382898
31,"2-Propynoic acid, 3-(1-hydroxycyclohexyl)-, methyl ester",LVUQPCAQXKXOEE-UHFFFAOYSA-N ,LVUQPCAQXKXOEE,27,182.09,NA,NA,NA,NA,6865,0,0,0.926656566,,high,423.2516566,0.375965241
32,"Furan, 2,5-dihydro-3-methyl-",GSDYNJRRFBBEJS-UHFFFAOYSA-N ,GSDYNJRRFBBEJS,14,84.06,NA,NA,NA,NA,1194,0,0,1.012772515,,high,825.5593834,0.424487065
33,"2,8,4,6-(Epoxyethanediylidenoxy)[1,3]dioxino[5,4-d]-1,3-dioxin, tetrahydro-",HHYYYQCRMPRQHX-UHFFFAOYSA-N ,HHYYYQCRMPRQHX,22,200.03,370,370,7.14,3,3975,0,0,0.960939017,,high,905.6778316,0.697967188
35,"3,4-Furandicarboxylic acid",SYLAFCZSYRXBJF-UHFFFAOYSA-N ,SYLAFCZSYRXBJF,15,156.01,566,602,3.3,5,2071,0,0,1.456204225,,high,854.7935288,0.641477911
42,"Benzaldehyde, 4-(1,3-dioxolan-2-yl)-",XXTKORQHKOYXIH-UHFFFAOYSA-N,XXTKORQHKOYXIH,23,178.06,485,487,15.7,1,5237,0,0,1.077616938,,high,646.1026486,0.597277337
43,"1,3-Dioxolane-4,5-dione",IVJSVTUVNPAOTO-UHFFFAOYSA-N ,IVJSVTUVNPAOTO,9,102.00,NA,NA,NA,NA,386,0,0,2.225579409,,high,107.0675824,0.828326329
44,DL-Arabinose,SRBFZHDQGSBBOR-UHFFFAOYSA-N  ,SRBFZHDQGSBBOR,20,150.05,391,429,0.08,52,3223,0,0,1.800570315,,high,130.7858188,0.317170318
47,"1,3-dioxane-5,5-dimethanol, 2-methyl-",QYSOFXYWZFPSCB-UHFFFAOYSA-N ,QYSOFXYWZFPSCB,25,162.09,307,349,0.08,78,4841,0,0,1.437072255,,high,380.4288978,0.504449107
49,"1,3,5-Trioxane",BGJSXRVXTHVRSN-UHFFFAOYSA-N   ,BGJSXRVXTHVRSN,12,90.03,141,141,0,13,1073,0,0,2.404756651,,high,123.397431,0.176914724
50,"Cyclobutane-3,4-dione, 1,1-dihydroxy-2,2-dimethoxy-",RDDFXEXZZMNBNN-UHFFFAOYSA-N ,RDDFXEXZZMNBNN,20,176.03,NA,NA,NA,NA,6504,0,0,0.770963977,,high,155.5125571,0.115380375
51,"2H-Benzocyclohepten-2-one, 3,4,4a,5,6,7,8,9-octahydro-",GWGBQUOWRUBYTJ-UHFFFAOYSA-N  ,GWGBQUOWRUBYTJ,28,164.12,568,574,8.91,5,7952,0,0,1.512084267,,high,757.9320021,0.588688227
57,"Oxirane, ethenyl-",GXBYFVGCMPJVJX-UHFFFAOYSA-N  ,GXBYFVGCMPJVJX,11,70.04,185,185,0.02,22,1196,0,0,0.430215672,,high,278.0003738,0.254017326
59,2-Oxabicyclo[2.2.0]hex-5-en-3-one,QAVYTTBRXJVSNJ-UHFFFAOYSA-N ,QAVYTTBRXJVSNJ,11,96.02,334,334,0,25,1708,0,0,0.99492901,,high,437.0514557,0.568352993
63,"9-(S)-Methyl-δ-5(10)-octalin-1,6-dione",DNHDRUMZDHWHKG-NSHDSACASA-N  ,DNHDRUMZDHWHKG,27,178.10,NA,NA,NA,NA,7906,0,0,1.152304403,,high,613.6534707,0.506462384
64,"2,3-Diformylphenol",VSGACYFHLPVUQM-UHFFFAOYSA-N ,VSGACYFHLPVUQM,17,150.03,510,535,0.01,95,4327,0,0,1.944880775,,high,829.6269909,0.543342805
65,"Spiropentanoic acid, methyl ester",ICLNWIYCFZWTPE-UHFFFAOYSA-N ,ICLNWIYCFZWTPE,19,126.07,532,539,0.09,33,2371,0,0,2.524765696,,high,537.0814792,0.757868414
66,"2,5-Furandione, 3-methyl-",AYKYXWQEBUNJCN-UHFFFAOYSA-N  ,AYKYXWQEBUNJCN,12,112.02,736,736,0.46,8,843,0,0,2.400797211,,high,613.0806911,0.577098728
70,"2,5-Cyclooctadien-1-ol",GAJWLWOIFZSYOW-PQZOIKATSA-N ,GAJWLWOIFZSYOW,21,124.09,NA,NA,NA,NA,3497,0,0,1.587417512,,high,310.7165321,0.305926202
72,1-Cyclohexene-1-methanol,QBJOHGAEIAUULA-UHFFFAOYSA-N  ,QBJOHGAEIAUULA,20,112.09,NA,NA,NA,NA,6676,0,0,1.91469855,,high,725.9381325,0.389567283
75,"2-Cyclohexen-1-one, 2-methyl-",LKTNAAYQZJAXCJ-UHFFFAOYSA-N ,LKTNAAYQZJAXCJ,18,110.07,547,547,0.02,79,2151,0,0,1.769713041,,high,830.6259459,0.672017382
77,"Bicyclo[3.3.0]octan-2-one, 7-isopropylidene-",ZJWYYAWAYYRFPV-UHFFFAOYSA-N ,ZJWYYAWAYYRFPV,28,164.12,NA,NA,NA,NA,7755,0,0,0.447283258,,high,800.1562181,0.451104209
78,"Benzene, (2-propynyloxy)-",AIQRJSXKXVZCJO-UHFFFAOYSA-N ,AIQRJSXKXVZCJO,18,132.06,NA,NA,NA,NA,5950,0,0,1.17173139,,high,379.2473596,0.425945302
80,"Dihydropyrano(3,2-f)coumaranone",RNKADCAFXYCJEN-UHFFFAOYSA-N ,RNKADCAFXYCJEN,24,190.06,NA,NA,NA,NA,6506,0,0,0.715608588,,high,693.4276707,0.240511294
83,"2,5-Furandione, dihydro-3-methylene-",OFNISBHGPNMTMS-UHFFFAOYSA-N  ,OFNISBHGPNMTMS,12,112.02,720,720,3.73,2,785,0,0,0.371993779,,high,958.1322612,0.811316536
92,Dicyclopropyl carbinol,PIXLZMHERIHLJL-UHFFFAOYSA-N ,PIXLZMHERIHLJL,20,112.09,NA,NA,NA,NA,3908,0,0,0.3466039,,high,253.0055573,0.362331851
93,"Spiro[2.2]pentane-1-carboxylic acid, 2-cyclopropyl-2-methyl-",SAVYPEZLECDCGS-UHFFFAOYSA-N ,SAVYPEZLECDCGS,26,166.10,NA,NA,NA,NA,6700,0,0,1.216816893,,high,609.0288464,0.424165853
96,"Spiro[2.3]hexan-4-one, 5,5-diethyl-",USEVBEOHTGJOOR-UHFFFAOYSA-N  ,USEVBEOHTGJOOR,28,168.12,506,508,0.03,96,6348,0,0,1.265446368,,high,737.2880238,0.456457269
99,"Oxirane, 2-methyl-3-propyl-, trans-",LIESJAYIOKBLIL-PHDIDXHHSA-N  ,LIESJAYIOKBLIL,19,100.09,NA,NA,NA,NA,1729,0,0,1.265446368,,high,365.6801257,0.205807648
101,(E)-3(10)-Caren-4-ol,BKSIPWIAFSUQKX-UHFFFAOYSA-N ,BKSIPWIAFSUQKX,27,152.12,NA,NA,NA,NA,6113,0,0,0.891686099,,high,486.2070432,0.490931591
103,"Oxetane, 2-(1,1-dimethylethyl)-3-methyl-",YZUOZLHQBCFIKB-UHFFFAOYSA-N ,YZUOZLHQBCFIKB,25,128.12,NA,NA,NA,NA,3453,0,0,1.65891009,,high,151.4833529,0.36823087
104,Isopinocarveol,LCYXQUJDODZYIJ-UHFFFAOYSA-N,LCYXQUJDODZYIJ,27,152.12,NA,NA,NA,NA,6452,0,0,1.214223942,,high,364.4641578,0.486365268
108,"5,5-Dimethyl-1,3-dioxan-2-one",JRFXQKZEGILCCO-UHFFFAOYSA-N ,JRFXQKZEGILCCO,19,130.06,547,547,82,NA,4681,0,0,1.172068196,,high,764.9284216,0.597890933
109,"2(3H)-Furanone, dihydro-3-methyl-",QGLBZNZGBLRJGS-UHFFFAOYSA-N ,QGLBZNZGBLRJGS,15,100.05,697,697,33.3,1,4047,0,0,1.370264995,,high,897.306033,0.66589812
110,"Cyclobutanone, 3-ethyl-",SWSOFKZYSFBJSH-UHFFFAOYSA-N   ,SWSOFKZYSFBJSH,18,114.07,673,715,0.48,59,2720,0,0,2.435774554,,high,895.3193966,0.841778223
111,2-Ethyl-3-vinyloxirane,AMXASLDHSQRSDI-UHFFFAOYSA-N  ,AMXASLDHSQRSDI,17,98.07,348,350,NA,NA,3426,0,0,0.935968846,,high,381.5085702,0.323772136
112,"Oxirane, 2-ethyl-3-propyl-",ZNAFWUJVHGNGIF-UHFFFAOYSA-N  ,ZNAFWUJVHGNGIF,22,114.10,496,507,NA,NA,3883,0,0,1.044964259,,high,480.3491373,0.290779522
115,"Pent-2-ynal, 4,4-dimethyl-",DTMPOWDLMOYPDD-UHFFFAOYSA-N  ,DTMPOWDLMOYPDD,18,110.07,NA,NA,NA,NA,5374,0,0,1.216816893,,high,537.0132481,0.375414449
117,"2(5H)-Furanone, 3-methyl-",VGHBEMPMIVEGJP-UHFFFAOYSA-N  ,VGHBEMPMIVEGJP,13,98.04,330,477,NA,NA,1105,0,0,1.095748175,,high,880.0809131,0.218360104
118,"Cyclopropanecarboxylic acid, methyl ester",PKAHQJNJPDVTDP-UHFFFAOYSA-N ,PKAHQJNJPDVTDP,15,100.05,658,658,0.16,27,1237,0,0,0.71217067,,high,569.400318,0.858660089
119,"2-Propen-1-one, 1-cyclopropyl-",TWFKEGONKTUVSX-UHFFFAOYSA-N  ,TWFKEGONKTUVSX,15,96.06,700,701,28.6,27,3577,0,0,0.71217067,,high,904.6587615,0.87783157
120,"-Deoxy-2,4-methylene-3,5-anhydro-d-xylitol",KIRRILZBWKPGLR-UHFFFAOYSA-N ,KIRRILZBWKPGLR,19,130.06,NA,NA,NA,NA,2227,0,0,0.805886873,,high,798.3865723,0.387660032
121,"1,2-Dimethylcyclopropanecarboxylic acid",MMEAVAVRZYNYFB-UHFFFAOYSA-N ,MMEAVAVRZYNYFB,18,114.07,613,613,3.96,7,2211,0,0,0.824949886,,high,943.8418684,0.736568938
126,"Cyclobutanone, 2,2-dimethyl-",DOPFCVBSOPCWAQ-UHFFFAOYSA-N  ,DOPFCVBSOPCWAQ,17,98.07,599,659,0.18,91,1756,0,0,4.111616146,,high,901.8850286,0.712016115
127,"Cyclopropanecarboxylic acid, 2-methoxy-, methyl ester, trans-",CXSOIAZZNZFSSR-RFZPGFLSSA-N  ,CXSOIAZZNZFSSR,19,130.06,378,378,0.13,63,3394,0,0,1.153272415,,high,570.8376128,0.370754921
129,2-Hydroxymethylcyclopropanecarboxylic acid methyl ester,QMFFTUAKXYCOKM-UHFFFAOYSA-N ,QMFFTUAKXYCOKM,19,130.06,NA,NA,NA,NA,6034,0,0,0.987128894,,high,107.159785,0.183334864
130,Bicyclo[2.2.0]hex-1-yl-methanol,ATGXTJPMVRTSJY-UHFFFAOYSA-N   ,ATGXTJPMVRTSJY,20,112.09,NA,NA,NA,NA,2483,0,0,0.528905321,,high,348.2266137,0.505139688
131,": 3,6-Nonadien-5-one, 2,2,8,8-tetramethyl-",KMTSPKJHYJTHDH-UHFFFAOYSA-N ,KMTSPKJHYJTHDH,32,190.14,475,498,0.16,18,10432,0,0,1.597216474,,high,800.3963315,0.415201292
133,Chrysanthemic acid,XLOPRKKSAJMMEW-UHFFFAOYSA-N ,XLOPRKKSAJMMEW,28,168.12,478,478,NA,NA,7137,0,0,0.512867654,,high,745.0793917,0.439194577
134,Butyrolactone,YEJRWHAVMIAJKC-UHFFFAOYSA-N ,YEJRWHAVMIAJKC,12,86.04,715,742,25.8,2,2301,0,0,0.875717728,,high,935.7891159,0.785320234
135,Propiolactone,VEZXCJBBBCKRPI-UHFFFAOYSA-N  ,VEZXCJBBBCKRPI,9,72.02,738,738,69.3,1,897,0,0,0.875717728,,high,888.8221383,0.715440891
136,",4-Dioxane-2,5-dione",RKDVKSZUMVYZHH-UHFFFAOYSA-N ,RKDVKSZUMVYZHH,12,116.01,291,305,NA,NA,1260,0,0,0.512867654,,high,45.2072048,0.576558723
137,"Oxirane, ethyl-",RBACIKXCRWGCBB-UHFFFAOYSA-N ,RBACIKXCRWGCBB,13,72.06,680,680,4.21,11,2123,0,0,0.750023276,,high,731.6800956,0.788960928
138,6-Oxabicyclo[3.1.0]hexan-2-one,FDSYWIWRUBJSDE-UHFFFAOYSA-N  ,FDSYWIWRUBJSDE,13,98.04,591,594,0.11,96,3225,0,0,0.845129832,,high,944.952159,0.68351386
139,"1,4-Dioxaspiro[2.4]heptan-5-one, 6-methyl-",AEVNBIDPMSDSKG-UHFFFAOYSA-N  ,AEVNBIDPMSDSKG,17,128.05,928,928,NA,NA,4048,0,0,0.616901466,,high,414.8333208,0.028426713
140,"1,4-Dioxaspiro[2.4]heptan-5-one, 7-methyl-",CRDVOLPCGSIZKD-UHFFFAOYSA-N  ,CRDVOLPCGSIZKD,17,128.05,360,360,NA,NA,1849,0,0,0.548772018,,high,564.206765,0.619898518
141,6-Oxa-bicyclo[3.1.0]hexan-3-one,VZMRGSWFCBXBPW-UHFFFAOYSA-N  ,VZMRGSWFCBXBPW,13,98.04,453,457,NA,NA,1186,0,0,1.020864986,,high,943.3846454,0.482284341
144,"2-Oxetanone, 4-methylene-",WASQWSOJHCZDFK-UHFFFAOYSA-N ,WASQWSOJHCZDFK,10,84.02,625,625,14.1,1,656,0,0,1.722443146,,high,785.6106999,0.842716452
145,Cyclobutanone,SHQSVMDWKBRBGB-UHFFFAOYSA-N ,SHQSVMDWKBRBGB,12,82.04,799,799,46.5,1,747,0,0,0.664613265,,high,981.5936168,0.977301624
147,"Ethanone, 1-oxiranyl-",YBWJKTAELMMCHQ-UHFFFAOYSA-N  ,YBWJKTAELMMCHQ,12,86.04,714,714,0.44,26,853,0,0,0.667031279,,high,778.219865,0.92887083
148,"2(5H)-Furanone, 4-(acetyloxy)-3,5-dimethyl-",OBQCRKRFVJMFQH-UHFFFAOYSA-N ,OBQCRKRFVJMFQH,22,170.06,550,550,NA,NA,2486,0,0,0.53982582,,high,174.4526736,0.976131532
151,"2-Cyclopenten-1-one, 3-(acetyloxy)-",NUDBOGKLPOMBMP-UHFFFAOYSA-N ,NUDBOGKLPOMBMP,18,140.05,NA,NA,NA,NA,1748,0,0,0.453340809,,high,218.4325149,0.955393034
156,"Oxirane, 2,3-dimethyl-, trans-",PQXKWPLDPFFDJP-QWWZWVQMSA-N ,PQXKWPLDPFFDJP,13,72.06,523,523,1.35,10,2129,0,0,1.071480918,,high,642.5166017,0.348424094
159,"2-Methyoxirane-2-carboxylic acid, methyl ester",OSYXXQUUGMLSGE-UHFFFAOYSA-N  ,OSYXXQUUGMLSGE,16,116.05,NA,NA,NA,NA,1754,0,0,1.071480918,,high,169.6427818,0.57061057
162,"Adamantan-1-amine, N-(3,4-dimethoxybenzylidene)-",SKSOGVQDJXWULT-UDWIEESQSA-N ,SKSOGVQDJXWULT,47,299.19,474,538,NA,NA,48829,0,0,1.389752173,,high,742.4875847,0.787178766
169,"(Adamantan-1-yl)[4-(2,5-dimethylphenyl)piperazin-1-yl]methanone",KLMWXSLKNKFNDV-UHFFFAOYSA-N ,KLMWXSLKNKFNDV,58,352.25,449,478,1.57,5,75551,0,0,1.181527317,,high,776.7945877,0.323891123
171,"(Adamantan-1-yl)[4-(3,4-dimethylphenyl)piperazin-1-yl]methanone",OFFQYGSGJUJTNN-UHFFFAOYSA-N  ,OFFQYGSGJUJTNN,58,352.25,464,464,3.61,8,79286,0,0,2.004851309,,high,872.2748495,0.315702215
172,Adamantan-1-yl)(4-p-tolylpiperazin-1-yl)methanone,MQEKHHGZLUHYRN-UHFFFAOYSA-N ,MQEKHHGZLUHYRN,55,338.24,430,456,1.08,13,64555,0,0,1.611927797,,high,781.3526527,0.362612264
173,Adamantan-1-ylaminoacetic acid,NJRFVURYVWPLKB-UHFFFAOYSA-N ,NJRFVURYVWPLKB,34,209.14,NA,NA,NA,NA,13840,0,0,1.251341071,,high,636.2655333,0.374996463
174,Adamantan-2-ol,FOWDOWQYRZXQDP-UHFFFAOYSA-N ,FOWDOWQYRZXQDP,27,152.12,NA,NA,NA,NA,6742,0,0,1.126951993,,high,440.0048423,0.267876372
180,2-Adamantanone,IYKFYARMMIESOX-UHFFFAOYSA-N ,IYKFYARMMIESOX,25,150.10,557,558,0.29,18,5529,0,0,2.448480611,,high,752.8927431,0.472950404
183,Amantadine,DKNWSYNQZKUICI-UHFFFAOYSA-N,DKNWSYNQZKUICI,28,151.14,484,574,NA,NA,7266,0,0,1.415033119,,high,644.4279906,0.248608487
184,Adamantane,ORILYTVJVMAKLC-UHFFFAOYSA-N  ,ORILYTVJVMAKLC,26,136.13,729,785,51,1,5477,0,0,1.178961168,,high,883.0522277,0.678440079
204,"1-Adamantanecarboxylic acid, 2-butyl ester",OTFHZSAGXXABSX-UHFFFAOYSA-N ,OTFHZSAGXXABSX,41,236.18,NA,NA,NA,NA,18786,0,0,1.15268931,,high,302.8651174,0.857270151
493,CYCLOPROPENE,OOXWYYGXTJLWHA-UHFFFAOYSA-N,OOXWYYGXTJLWHA,7,40.07,367,367,0,63,3456,0,0,0.046785797,,high,689.722011,0.572620515
494,BICYCLO[1.1.0]BUTANE,LASLVGACQUUOEB-UHFFFAOYSA-N,LASLVGACQUUOEB,10,54.10,594,594,1.18,21,2329,0,0,0.0675,,high,896.5100706,0.731101009
495,ETHYLENIMINE,NOWKCMXCCJGMRR-UHFFFAOYSA-N,NOWKCMXCCJGMRR,7,43.08,619,623,0.01,22,1123,0,0,0.089430783,,high,765.7494958,0.548643032
496,CYCLOPROPANE,LVZWSLJZHVFIQJ-UHFFFAOYSA-N,LVZWSLJZHVFIQJ,9,42.09,744,744,49.1,1,689,0,0,0.098765432,,high,892.8773597,0.825418242
497,"TETRACYCLO[3.2.0.0(2,7).0(4,6)]HEPTANE",DGZUEIPKRRSMGK-UHFFFAOYSA-N,DGZUEIPKRRSMGK,15,92.15,704,704,14.3,5,5160,0,0,0.149584488,,high,818.9190821,0.650729138
498,SPIROPENTANE,OGNAOIGAPPSUMG-UHFFFAOYSA-N,OGNAOIGAPPSUMG,13,68.13,453,453,0,98,1352,0,0,0.16,,high,433.7386084,0.48237758
499,1-METHYLCYCLOPROPENE,SHDPRTQPPWIEJG-UHFFFAOYSA-N,SHDPRTQPPWIEJG,10,54.10,615,615,0.07,26,857,0,0,0.185369084,,high,836.8377651,0.618798034
500,"TETRACYCLO[2.2.1.0(2,6).0(3,5)]HEPTANE-7-SPIRO-2'-CYCLOPROPENE",NJJDBBUBRAGNKG-UHFFFAOYSA-N,NJJDBBUBRAGNKG,17,116.17,304,304,NA,NA,1927,0,0,0.190247643,,high,529.1683294,0.096388683
501,BICYCLO[2.1.0]PENTANE,MHLPKAGDPWUOOT-UHFFFAOYNA-N,MHLPKAGDPWUOOT,13,68.13,558,558,NA,NA,1170,0,0,0.197530864,,high,785.8264935,0.590271755
502,"3-METHYL-1,2-DIAZIRINE",PNEUOFCODNXMRA-UHFFFAOYSA-N,PNEUOFCODNXMRA,8,58.10,721,721,0.04,11,296,0,0,0.242518113,,high,575.6022993,0.72379176
503,"4,7-EPOXYTRICYCLO[4.1.0.0(3,5)]HEPTANE",ONXARZMONCQRMU-UHFFFAOYNA-N,ONXARZMONCQRMU,15,108.15,654,654,6.41,4,1840,0,0,0.249158753,,high,844.5672291,0.831126063
504,"AZIRIDINE, 1-METHYL-",XLJQPXVBQNJNLW-UHFFFAOYSA-N,XLJQPXVBQNJNLW,10,57.11,723,723,33.9,1,841,0,0,0.256029748,,high,918.6398167,0.772052506
505,CYCLOPROPYLAMINE,HTJDQJBWANPRPF-UHFFFAOYSA-N,HTJDQJBWANPRPF,10,57.11,513,513,NA,NA,762,0,0,0.256029748,,high,707.9269945,0.405444892
506,"AZIRIDINE, 2-METHYL-",OZDGMOYKSFPLSE-UHFFFAOYNA-N,OZDGMOYKSFPLSE,10,57.11,692,705,0.57,12,2981,0,0,0.256029748,,high,844.4157288,0.766400819
507,"TRICYCLO[3.1.0.0(2,4)]HEX-3-ENE-3-CARBONITRILE",VNWWNLCVXWGXIO-UHFFFAOYNA-N,VNWWNLCVXWGXIO,12,105.15,744,744,10.3,5,3667,0,0,0.313118423,,high,975.7976122,0.960282054
508,"DIAZIRIDINE,3,3-DIMETHYL-",YIOCAJQMPUYWMT-UHFFFAOYSA-N,YIOCAJQMPUYWMT,13,72.13,372,372,NA,NA,2342,0,0,0.333530481,,high,650.4800576,0.403035163
509,"AZIRIDINE, 2,2-DIMETHYL-",FGRJGEWVJCCOJJ-UHFFFAOYSA-N,FGRJGEWVJCCOJJ,13,71.14,662,667,11.2,3,3368,0,0,0.3466039,,high,845.6441703,0.650666365
510,"AZIRIDINE, 1-METHYL-2-METHYLENE-",WFNSDYPJGGQENT-UHFFFAOYNA-N,WFNSDYPJGGQENT,11,69.12,523,523,0.75,7,1533,0,0,0.350511137,,high,727.9849857,0.506750525
511,"7-OXA-8-AZA-TETRACYCLO[4.3.0(1,6).0(2,4).0(3,5)]NON-8-ENE",SWSMPKJTKQYXPC-UHFFFAOYNA-N,SWSMPKJTKQYXPC,14,122.16,557,557,3.28,7,4922,0,0,0.354705136,,high,731.2157437,0.573766554
512,"1,2-DIMETHYL CYCLOPROPENE",QWKHRBFLFYXNDY-UHFFFAOYSA-N,QWKHRBFLFYXNDY,13,68.13,657,657,0.13,44,2335,0,0,0.364891157,,high,908.4728393,0.700252705
513,"CYCLOPROPANE, METHYLMETHYLENE-",PKCSMQZDZICOIA-UHFFFAOYNA-N,PKCSMQZDZICOIA,13,68.13,611,611,0.15,42,1164,0,0,0.364891157,,high,702.6100689,0.480720387
514,"BICYCLO[2.1.0]PENTANE, 1,4-DIMETHYL-",GPBOEIMNJNTXIT-UHFFFAOYNA-N,GPBOEIMNJNTXIT,19,96.19,NA,NA,NA,NA,2208,0,0,0.375,,high,268.778647,0.262353361
515,DISPIRO[2.1.2.1]OCTANE,CGEYHDBRZXGTLN-UHFFFAOYSA-N,CGEYHDBRZXGTLN,20,108.20,NA,NA,NA,NA,2482,0,0,0.381111111,,high,392.5980196,0.395096007
516,DISPIRO[2.0.2.2]OCTANE,KHCZAHBPHDGNJP-UHFFFAOYSA-N,KHCZAHBPHDGNJP,20,108.20,NA,NA,NA,NA,2563,0,0,0.381111111,,high,508.6151497,0.624944405
517,"TRICYCLO[3.2.1.0(1,5)]OCTANE",FYWVNXHGOQXBTP-UHFFFAOYNA-N,FYWVNXHGOQXBTP,20,108.20,412,419,NA,NA,6121,0,0,0.381111111,,high,601.5380217,0.338597978
518,"1-METHYLTRICYCLO[2.2.1.0(2,6)]HEPTANE",QSUFBNDGMXCLRN-UHFFFAOYNA-N,QSUFBNDGMXCLRN,20,108.20,495,538,NA,NA,2826,0,0,0.381111111,,high,736.4504329,0.525855447
519,"TRICYCLO[2.2.2.0(1,4)]OCTANE",GPMHXZWOEIWUPW-UHFFFAOYSA-N,GPMHXZWOEIWUPW,20,108.20,NA,NA,NA,NA,2496,0,0,0.381111111,,high,762.7329268,0.446762877
520,"1,3-DIAZABICYCLO[3.1.0]HEXANE",IESGURQWOKTSMU-UHFFFAOYNA-N,IESGURQWOKTSMU,14,84.14,450,450,NA,NA,1180,0,0,0.383815512,,high,723.1291489,0.423789261
523,"1,5-DIAZABICYCLO[3.1.0]HEXANE",RZIHIJJOVJRDTA-UHFFFAOYNA-N,RZIHIJJOVJRDTA,14,84.14,597,599,0.41,25,1090,0,0,0.383815512,,high,582.6786052,0.423621896
524,"TETRACYCLO[3,3,1,0(2,4),0(6,8)]NONANE",WKXMKRGIACFCFA-UHFFFAOYNA-N,WKXMKRGIACFCFA,21,120.21,336,361,NA,NA,6707,0,0,0.395061728,,high,316.0778818,0.2862882
525,"TETRACYCLO[3.3.1.0(2,8).0(4,6)]NONANE",YTFCTXSQQPWYFH-UHFFFAOYSA-N,YTFCTXSQQPWYFH,21,120.21,540,580,0.21,99,6749,0,0,0.395061728,,high,753.9979142,0.615144461
526,6-OXABICYCLO[3.1.0]HEXANE,GJEZBVHHZQAEDB-UHFFFAOYNA-N,GJEZBVHHZQAEDB,13,84.13,628,628,0.31,34,2946,0,0,0.395867132,,high,565.3983949,0.642798505
527,1-AZABICYCLO[3.1.0]HEXANE,QRDSDKAGXMWBID-UHFFFAOYNA-N,QRDSDKAGXMWBID,14,83.15,746,766,27.9,2,3570,0,0,0.395867132,,high,869.0362084,0.874942159
528,AZETIDINE,HONIICLYMWZJFZ-UHFFFAOYSA-N,HONIICLYMWZJFZ,10,57.11,725,725,4.6,8,745,0,0,0.401621983,,high,935.4007997,0.831780534
529,"BICYCLO[4.1.0]HEPTA-1,3,5-TRIENE",AMSMVCOBCOZLEE-UHFFFAOYSA-N,AMSMVCOBCOZLEE,13,90.13,655,661,74.2,1,1528,0,0,0.413620311,,high,932.3730727,0.935095265
530,"SPIRO[3.3]HEPTA-1,5-DIENE",NODMEAHDWHZSNR-UHFFFAOYSA-N,NODMEAHDWHZSNR,15,92.15,550,556,0.04,79,1528,0,0,0.414807979,,high,782.932717,0.544544942
531,"SPIRO[2,4]HEPTA-4,6-DIENE",KPDOKSJMJMDRQA-UHFFFAOYSA-N,KPDOKSJMJMDRQA,15,92.15,592,616,1.04,31,3930,0,0,0.414807979,,high,784.2112217,0.547180293
532,CYCLOPROPYLACETYLENE,NPTDXPDGUHAFKC-UHFFFAOYSA-N,NPTDXPDGUHAFKC,11,66.11,592,592,0,49,3577,0,0,0.418830241,,high,863.8363329,0.778811825
533,CYCLOBUTANE,PMPVIKIVABFJJI-UHFFFAOYSA-N,PMPVIKIVABFJJI,12,56.12,486,486,0,26,2054,0,0,0.421875,,high,860.1670723,0.688839419
534,"SPIRO[BICYCLO[3.1.0]HEXANE-2,1'-CYCLOPROPANE]",OMHSYLNUQGUJLG-UHFFFAOYNA-N,OMHSYLNUQGUJLG,20,108.20,NA,NA,NA,NA,2850,0,0,0.427266436,,high,381.7456145,0.387016293
535,5-AZABICYCLO[2.2.0]HEX-2-EN-6-ONE,KPCCPWBBOMBLEC-UHFFFAOYNA-N,KPCCPWBBOMBLEC,10,96.12,602,608,11.6,5,960,0,0,0.430215672,,high,900.1119337,0.859798888
536,ACETYLENE,HSFWRNGVRCDJHI-UHFFFAOYSA-N,HSFWRNGVRCDJHI,4,26.04,979,979,98.8,1,320,0,0,0.435149266,,high,942.9519061,0.980521652
537,"1,3-DIMETHYLDIAZIRIDINE",KRRJYZCBLTXNCY-UHFFFAOYNA-N,KRRJYZCBLTXNCY,13,72.13,460,460,NA,NA,881,0,0,0.436858492,,high,679.3646382,0.400820298
538,"1,2-DIMETHYLDIAZIRIDINE",HHUSPFWAFUDXFF-UHFFFAOYNA-N,HHUSPFWAFUDXFF,13,72.13,444,457,NA,NA,1881,0,0,0.436858492,,high,527.471056,0.6023272
539,"9,10-DIAZATETRACYCLO[6.2.0(2,7).0(3,6).0(5,8)]DEC-9-ENE, N1-OXIDE",ZVLXBROVKHBUMV-UHFFFAOYNA-N,ZVLXBROVKHBUMV,18,152.22,433,451,NA,NA,6123,0,0,0.437625614,,high,436.6846281,0.401531877
540,"2,3-DIMETHYL-AZIRIDINE",DNPSMEGHIHDFAJ-UHFFFAOYNA-N,DNPSMEGHIHDFAJ,13,71.14,549,549,0.24,57,2789,0,0,0.453340809,,high,800.9196211,0.693876204
541,"1,2-DIMETHYLAZIRIDINE",LDUKCCKFNKIVMS-UHFFFAOYNA-N,LDUKCCKFNKIVMS,13,71.14,721,730,3.09,5,3165,0,0,0.453340809,,high,967.4982085,0.960455805
543,"TRICYCLO[3.2.1.0(2,4)]OCTANE",PSZPCAFRANQPLS-UHFFFAOYNA-N,PSZPCAFRANQPLS,20,108.20,NA,NA,NA,NA,7359,0,0,0.48234375,,high,452.955067,0.65881759
544,"TRICYCLO[4.1.1.0(2,5)]OCTANE",OTJYGFDMTQLPSU-UHFFFAOYNA-N,OTJYGFDMTQLPSU,20,108.20,421,505,NA,NA,6468,0,0,0.48234375,,high,454.5544755,0.636237509
546,"2-OXABICYCLO[3.2.0]HEPTA-3,6-DIENE",QYLMHRXTFJNXPK-UHFFFAOYNA-N,QYLMHRXTFJNXPK,12,94.12,638,638,1.31,11,4314,0,0,0.484479188,,high,919.780028,0.671386232
547,"CIS-4-HYDROXYTRICYCLO[3.1.0.0(2,6)]HEXANE-3-CARBONITRILE",OYLCLOGYABGECX-UHFFFAOYNA-N,OYLCLOGYABGECX,14,123.17,NA,NA,NA,NA,3428,0,0,0.495147874,,high,625.5866623,0.297235439
548,"BICYCLO[3.2.0]HEPTA-2,6-DIENE",PZWQRDVVVKIYLX-UHFFFAOYNA-N,PZWQRDVVVKIYLX,15,92.15,544,666,0.04,81,4854,0,0,0.497742313,,high,787.4082841,0.630566282
549,"2,5-NORBORNADIENE",SJYNFBVQFBRSIB-UHFFFAOYSA-N,SJYNFBVQFBRSIB,15,92.15,719,719,47.5,1,3976,0,0,0.497742313,,high,797.9275008,0.665411018
550,CYCLOPROPANECARBONITRILE,AUQDITHEDVOTCU-UHFFFAOYSA-N,AUQDITHEDVOTCU,9,69.12,558,558,0.3,46,3322,0,0,0.503099072,,high,812.5774835,0.392618701
551,"CYCLOPROPANE, ETHYLIDENE-",ZIFNDRXSSPCNID-UHFFFAOYSA-N,ZIFNDRXSSPCNID,13,68.13,589,589,0.04,100,1984,0,0,0.503099072,,high,830.8287133,0.640749684
552,"SPIRO[CYCLOPROPANE-1,6'-[3]OXATRICYCLO[3.2.1.0(2,4)]OCTANE]",AFICLWPORBGTPD-UHFFFAOYNA-N,AFICLWPORBGTPD,21,136.21,552,552,NA,NA,3871,0,0,0.512928146,,high,595.1463958,0.515841837
553,"TRICYCLO[4.2.0.0(2,4)]OCT-7-EN-5-ONE",ADXLIAGMLNOWRF-UHFFFAOYNA-N,ADXLIAGMLNOWRF,16,121.17,556,629,NA,NA,3489,0,0,0.5173474,,high,872.2927648,0.520259436
554,BICYCLO[3.1.0]HEXAN-2-ONE,HFCMQKFXCMZZMZ-UHFFFAOYNA-N,HFCMQKFXCMZZMZ,14,97.15,669,716,4.83,6,1540,0,0,0.526089675,,high,932.6684176,0.758123226
555,BICYCLO[3.1.0]HEXAN-3-ONE,WQQZKEFUOHKGII-UHFFFAOYNA-N,WQQZKEFUOHKGII,14,97.15,713,713,13.3,5,4739,0,0,0.526089675,,high,940.9553644,0.766790203
556,"1-CYCLOPROPANECARBONITRILE, 1-AMINO",UIVATUPCWVUVIM-UHFFFAOYSA-N,UIVATUPCWVUVIM,12,84.14,416,416,0,98,897,0,0,0.549627691,,high,565.6705623,0.491120926
557,PYRROLE,KAESVJOAVNADME-UHFFFAOYSA-N,KAESVJOAVNADME,9,67.10,807,807,87.3,1,952,0,0,0.554655786,,high,952.755209,0.772977975
558,FURAN,YLQBMQCUIZJEEH-UHFFFAOYSA-N,YLQBMQCUIZJEEH,8,68.08,800,800,67.2,1,803,0,0,0.554655786,,high,987.7603968,0.80608416
559,"CYCLOPROPANE, 1,1,2-TRIMETHYL-",BXIIJPAVISPOGI-UHFFFAOYNA-N,BXIIJPAVISPOGI,18,84.18,562,562,NA,NA,5146,0,0,0.555555556,,high,725.3457352,0.655260428
560,6-OXA-BICYCLO[3.1.0]HEXAN-3-OL,BMXGLUVWNGLWCQ-UHFFFAOYNA-N,BMXGLUVWNGLWCQ,15,100.13,318,319,NA,NA,1280,0,0,0.557796306,,high,344.7217226,0.405694791
561,DICYCLOBUTYLIDENE OXIDE,VHXMCTHNISBELQ-UHFFFAOYSA-N,VHXMCTHNISBELQ,20,124.20,NA,NA,NA,NA,5136,0,0,0.563566967,,high,799.7335923,0.158454817
562,9-AZADISPIRO[3.1.3.0]NONANE,BSKNUNCXXRBFER-UHFFFAOYSA-N,BSKNUNCXXRBFER,21,123.22,453,453,NA,NA,3097,0,0,0.563566967,,high,504.0321111,0.547634325
563,"SPIRO[BICYCLO[2.2.1]HEPT-5-ENE-2,1'-CYCLOPROPANE]",TYFPMPJIRDNPJL-UHFFFAOYNA-N,TYFPMPJIRDNPJL,21,120.21,NA,NA,NA,NA,5694,0,0,0.563575599,,high,648.0380359,0.430594945
564,"TRICYCLO[3.2.1.0(2,4)]OCTANE, 3-METHYLENE-",KRPZXNZILJQDKG-UHFFFAOYNA-N,KRPZXNZILJQDKG,21,120.21,513,513,NA,NA,3661,0,0,0.563575599,,high,595.6099254,0.629656035
566,"TRICYCLO[3.2.1.0(2,4)]OCTANE, 8-METHYLENE-, (1.ALPHA.,2.ALPHA.,4.ALPHA.,5.ALPHA.",SZEDHOXKNCVHIL-UHFFFAOYNA-N,SZEDHOXKNCVHIL,21,120.21,NA,NA,NA,NA,6485,0,0,0.563575599,,high,565.9219077,0.533729958
567,"TRICYCLO[3.2.1.0(2,4)]OCTANE, 1-METHYL-",SMJROXSMWHJZJX-UHFFFAOYNA-N,SMJROXSMWHJZJX,23,122.23,NA,NA,NA,NA,4103,0,0,0.574345825,,high,331.2541193,0.389427126
568,"1,3-CYCLOPENTADIENE",ZSWFCLXCOIISFI-UHFFFAOYSA-N,ZSWFCLXCOIISFI,11,66.11,662,662,0.04,27,2585,0,0,0.576849309,,high,895.8790331,0.886467018
569,7-AZANORBORNENE,DLAUQDHZCKKXBK-UHFFFAOYNA-N,DLAUQDHZCKKXBK,15,95.16,NA,NA,NA,NA,1401,0,0,0.577320665,,high,305.0035924,0.084217643
570,"TRICYCLO[2.2.1.0(2,6)]HEPTAN-3-ONE, OXIME",OCLZLZYHIKOGPZ-FPLPWBNLNA-N,OCLZLZYHIKOGPZ,16,124.18,615,619,0.71,17,11994,0,0,0.578333908,,high,860.7756598,0.642638247
571,"3-OXATRICYCLO[4.2.0.0(2,4)]OCTAN-7-ONE",GJTMXOICTLOFHO-UHFFFAOYNA-N,GJTMXOICTLOFHO,17,125.16,NA,NA,NA,NA,3520,0,0,0.578333908,,high,608.2019568,0.362716893
572,"1,5-DIMETHYL-6-OXA-BICYCLO[3.1.0]HEXANE",UXMPPYGRAFYWRK-UHFFFAOYNA-N,UXMPPYGRAFYWRK,19,112.19,590,590,0.13,47,4164,0,0,0.583051383,,high,887.6871335,0.787527126
573,"2,2-DIMETHYL-1-OXA-SPIRO[2.3]HEXANE",UBAWWGVGPSSQOC-UHFFFAOYSA-N,UBAWWGVGPSSQOC,19,112.19,237,237,NA,NA,1843,0,0,0.583051383,,high,639.1890052,0.302825566
574,"2,2-DIMETHYL-1-AZA-SPIRO[2.3]HEXANE",NOOFIMYCZCAZSL-UHFFFAOYSA-N,NOOFIMYCZCAZSL,20,111.21,NA,NA,NA,NA,2448,0,0,0.583051383,,high,487.4338307,0.668855267
575,SPIRO[2.4]HEPTANE,HEMCGZPSGYRIOL-UHFFFAOYSA-N,HEMCGZPSGYRIOL,19,96.19,437,465,NA,NA,5260,0,0,0.5859375,,high,474.5776165,0.469111176
577,"CYCLOBUTANE, 1,2-BIS(METHYLENE)-",QOFLWDYWJZBWHM-UHFFFAOYSA-N,QOFLWDYWJZBWHM,14,80.14,478,478,0.39,22,3351,0,0,0.592156846,,high,657.4290169,0.516197187
579,"BICYCLO[3.1.0]HEXANE, 1,5-DIMETHYL-",ZBLUGCVTVHUUCH-UHFFFAOYNA-N,ZBLUGCVTVHUUCH,22,110.22,NA,NA,NA,NA,3125,0,0,0.595486111,,high,577.360355,0.407967538
583,5-METHYL-6-KETO-BICYCLO(2.2.0)-5-AZA-HEX-2-ENE,FUYSJCQQUNMNIX-UHFFFAOYNA-N,FUYSJCQQUNMNIX,13,110.15,671,705,12.1,4,1467,0,0,0.602578362,,high,908.5482245,0.771910986
584,1H-IMIDAZOLE,RAXXELZNTBOGNW-UHFFFAOYSA-N,RAXXELZNTBOGNW,9,69.10,825,827,22.5,3,786,0,0,0.607222981,,high,965.1563898,0.901852084
585,1H-PYRAZOLE,WTKZEGDFNFYCGP-UHFFFAOYSA-N,WTKZEGDFNFYCGP,9,69.10,732,732,13.4,5,773,0,0,0.607222981,,high,971.8828901,0.827632942
586,OXAZOLE,ZCQWOFVYLHDMMC-UHFFFAOYSA-N,ZCQWOFVYLHDMMC,6,70.08,753,753,33.1,6,660,0,0,0.607222981,,high,956.7493118,0.8206646
587,ISOXAZOLE,CTAPFRYPJLPFDF-UHFFFAOYSA-N,CTAPFRYPJLPFDF,6,70.08,539,539,0.01,59,565,0,0,0.607222981,,high,818.9227452,0.728480505
588,"AZETIDINE, 2-METHYL-",DLBWPRNUXWYLRN-UHFFFAOYNA-N,DLBWPRNUXWYLRN,13,71.14,664,679,4.8,8,1061,0,0,0.618200032,,high,907.349462,0.809952291
589,"AZETIDINE, 1-METHYL-",WWYVZTLIFYLZFM-UHFFFAOYSA-N,WWYVZTLIFYLZFM,13,71.14,541,548,NA,NA,1032,0,0,0.618200032,,high,892.3790032,0.599199064
592,CYCLOBUTYLAMINE,KZZKOVLJUKWSKX-UHFFFAOYSA-N,KZZKOVLJUKWSKX,13,71.14,564,564,NA,NA,1085,0,0,0.618200032,,high,452.1578943,0.869786141
593,CYCLOBUTANOL,KTHXBEHDVMTNOH-UHFFFAOYSA-N,KTHXBEHDVMTNOH,12,72.12,571,571,0.12,52,919,0,0,0.618200032,,high,543.1028898,0.902435138
596,"2-AZACYCLOPROPA[CD]PENTALENE, OCTAHYDRO-2-METHYL-",RDPVUZMOVZHRHV-UHFFFAOYNA-N,RDPVUZMOVZHRHV,21,123.22,520,533,NA,NA,3437,0,0,0.628068309,,high,689.0301491,0.447098405
597,"2-METHYL-2-AZATRICYCLO 5.1.0.0(4,8) OCTANE",MIDDZYMFLRWZCN-UHFFFAOYNA-N,MIDDZYMFLRWZCN,21,123.22,498,529,NA,NA,3912,0,0,0.628068309,,high,741.0080571,0.504252891
598,"TRICYCLO[4.2.1.0<2,5>]NON-3-ENE",XSKXEKKIOLQKBQ-UHFFFAOYNA-N,XSKXEKKIOLQKBQ,21,120.21,541,542,0.14,71,3309,0,0,0.632918435,,high,777.0198222,0.68036024
600,"AZIRIDINE, 2,2,3,3-TETRAMETHYL-",HMDSXVUTCZSHDZ-UHFFFAOYSA-N,HMDSXVUTCZSHDZ,19,99.20,NA,NA,NA,NA,2092,0,0,0.636882653,,high,574.7573461,0.799150245
601,"OXIRANE, TETRAMETHYL-",SYQIWVMFOAHDMK-UHFFFAOYSA-N,SYQIWVMFOAHDMK,18,100.18,174,174,NA,NA,1595,0,0,0.636882653,,high,327.9310783,0.180634628
602,"CYCLOBUTANE(1,6)SPIRO(2,3-DIAZABICYCLO[3.1.0]HEX-2-ENE)-4-SPIROCYCLOPROPANE",FKPDNKMXEGUTLZ-UHFFFAOYNA-N,FKPDNKMXEGUTLZ,23,150.25,NA,NA,NA,NA,4773,0,0,0.641321633,,high,743.8453656,0.439668878
603,ETHYLENE,VGGSQFUCUMXWEO-UHFFFAOYSA-N,VGGSQFUCUMXWEO,0,28.06,614,614,0.07,10,25082,0,0,0.644122112,,high,869.4588734,0.828270323
606,"3,3-DIMETHYL-1,5-DIAZABICYCLO[3.1.0]HEXANE",BLWIFXVIXXVYMI-UHFFFAOYNA-N,BLWIFXVIXXVYMI,0,112.20,NA,NA,NA,NA,27687,0,0,0.649854572,,high,824.682334,0.822736969
608,"CYCLOPROPANE, 1,1,2,2-TETRAMETHYL-",JCHUCGKEGUAHEH-UHFFFAOYSA-N,JCHUCGKEGUAHEH,0,98.21,497,497,NA,NA,29657,0,0,0.652095158,,high,585.756238,0.404520792
610,"1,2,5-OXADIAZOLE",JKFAIQOWCVVSKC-UHFFFAOYSA-N,JKFAIQOWCVVSKC,0,72.08,NA,NA,NA,NA,1942,0,0,0.662542741,,high,376.7123146,0.629364613
611,"1H-1,2,3-TRIAZOLE",QWENRTYMTSOGBR-UHFFFAOYSA-N,QWENRTYMTSOGBR,0,71.10,NA,NA,NA,NA,1874,0,0,0.662542741,,high,950.574597,0.445427787
612,"1H-1,2,4-TRIAZOLE",NSPMIYGKQJPBQR-UHFFFAOYSA-N,NSPMIYGKQJPBQR,0,71.10,736,736,83.9,1,499,0,0,0.662542741,,high,981.162398,0.550920415
613,"1-OXA-3,4-DIAZACYCLOPENTADIENE",FKASFBLJDCHBNZ-UHFFFAOYSA-N,FKASFBLJDCHBNZ,0,72.08,501,501,0.05,27,402,0,0,0.662542741,,high,967.7949588,0.251742115
