CompoundID,ChemOntID,ParentName
OHCNQFYTLLGNOE-UHFFFAOYSA-N,CHEMONTID:0004479,Trialkylheterosilanes
OHCNQFYTLLGNOE-UHFFFAOYSA-N,CHEMONTID:0003998,Organic metalloid salts
OHCNQFYTLLGNOE-UHFFFAOYSA-N,CHEMONTID:0004698,N-silyl compounds
OHCNQFYTLLGNOE-UHFFFAOYSA-N,CHEMONTID:0000103,Aziridines
OHCNQFYTLLGNOE-UHFFFAOYSA-N,CHEMONTID:0004139,Azacyclic compounds
OHCNQFYTLLGNOE-UHFFFAOYSA-N,CHEMONTID:0004557,Organopnictogen compounds
OHCNQFYTLLGNOE-UHFFFAOYSA-N,CHEMONTID:0000278,Organonitrogen compounds
OHCNQFYTLLGNOE-UHFFFAOYSA-N,CHEMONTID:0004150,Hydrocarbon derivatives
PQCLLXHKPSJTOY-UHFFFAOYSA-N,CHEMONTID:0004479,Trialkylheterosilanes
PQCLLXHKPSJTOY-UHFFFAOYSA-N,CHEMONTID:0003998,Organic metalloid salts
PQCLLXHKPSJTOY-UHFFFAOYSA-N,CHEMONTID:0004698,N-silyl compounds
PQCLLXHKPSJTOY-UHFFFAOYSA-N,CHEMONTID:0000265,Carboxylic acids and derivatives
PQCLLXHKPSJTOY-UHFFFAOYSA-N,CHEMONTID:0004557,Organopnictogen compounds
PQCLLXHKPSJTOY-UHFFFAOYSA-N,CHEMONTID:0000278,Organonitrogen compounds
PQCLLXHKPSJTOY-UHFFFAOYSA-N,CHEMONTID:0003940,Organic oxides
PQCLLXHKPSJTOY-UHFFFAOYSA-N,CHEMONTID:0004150,Hydrocarbon derivatives
PQCLLXHKPSJTOY-UHFFFAOYSA-N,CHEMONTID:0001831,Carbonyl compounds
KAHVZNKZQFSBFW-UHFFFAOYSA-N,CHEMONTID:0004479,Trialkylheterosilanes
KAHVZNKZQFSBFW-UHFFFAOYSA-N,CHEMONTID:0003998,Organic metalloid salts
KAHVZNKZQFSBFW-UHFFFAOYSA-N,CHEMONTID:0004698,N-silyl compounds
KAHVZNKZQFSBFW-UHFFFAOYSA-N,CHEMONTID:0004557,Organopnictogen compounds
KAHVZNKZQFSBFW-UHFFFAOYSA-N,CHEMONTID:0000278,Organonitrogen compounds
KAHVZNKZQFSBFW-UHFFFAOYSA-N,CHEMONTID:0004150,Hydrocarbon derivatives
KBPSATXXRVXAAJ-UHFFFAOYSA-N,CHEMONTID:0004481,Trimethylsilyl esters
KBPSATXXRVXAAJ-UHFFFAOYSA-N,CHEMONTID:0004479,Trialkylheterosilanes
KBPSATXXRVXAAJ-UHFFFAOYSA-N,CHEMONTID:0001166,Carboxylic acid salts
KBPSATXXRVXAAJ-UHFFFAOYSA-N,CHEMONTID:0003998,Organic metalloid salts
KBPSATXXRVXAAJ-UHFFFAOYSA-N,CHEMONTID:0001137,Monocarboxylic acids and derivatives
KBPSATXXRVXAAJ-UHFFFAOYSA-N,CHEMONTID:0003940,Organic oxides
KBPSATXXRVXAAJ-UHFFFAOYSA-N,CHEMONTID:0004150,Hydrocarbon derivatives
KBPSATXXRVXAAJ-UHFFFAOYSA-N,CHEMONTID:0001831,Carbonyl compounds
RSIHJDGMBDPTIM-UHFFFAOYSA-N,CHEMONTID:0004479,Trialkylheterosilanes
RSIHJDGMBDPTIM-UHFFFAOYSA-N,CHEMONTID:0003200,Silyl ethers
RSIHJDGMBDPTIM-UHFFFAOYSA-N,CHEMONTID:0003998,Organic metalloid salts
RSIHJDGMBDPTIM-UHFFFAOYSA-N,CHEMONTID:0000323,Organooxygen compounds
RSIHJDGMBDPTIM-UHFFFAOYSA-N,CHEMONTID:0004150,Hydrocarbon derivatives
WDJKGNYLZQHPPY-UHFFFAOYSA-N,CHEMONTID:0004479,Trialkylheterosilanes
WDJKGNYLZQHPPY-UHFFFAOYSA-N,CHEMONTID:0003998,Organic metalloid salts
WDJKGNYLZQHPPY-UHFFFAOYSA-N,CHEMONTID:0004698,N-silyl compounds
WDJKGNYLZQHPPY-UHFFFAOYSA-N,CHEMONTID:0000323,Organooxygen compounds
WDJKGNYLZQHPPY-UHFFFAOYSA-N,CHEMONTID:0004707,Organic nitrogen compounds
WDJKGNYLZQHPPY-UHFFFAOYSA-N,CHEMONTID:0004150,Hydrocarbon derivatives
ZJXXRSTXPXHFCO-UHFFFAOYSA-N,CHEMONTID:0004479,Trialkylheterosilanes
ZJXXRSTXPXHFCO-UHFFFAOYSA-N,CHEMONTID:0000102,Azetidines
ZJXXRSTXPXHFCO-UHFFFAOYSA-N,CHEMONTID:0003998,Organic metalloid salts
ZJXXRSTXPXHFCO-UHFFFAOYSA-N,CHEMONTID:0004698,N-silyl compounds
ZJXXRSTXPXHFCO-UHFFFAOYSA-N,CHEMONTID:0004139,Azacyclic compounds
ZJXXRSTXPXHFCO-UHFFFAOYSA-N,CHEMONTID:0004557,Organopnictogen compounds
ZJXXRSTXPXHFCO-UHFFFAOYSA-N,CHEMONTID:0000278,Organonitrogen compounds
ZJXXRSTXPXHFCO-UHFFFAOYSA-N,CHEMONTID:0004150,Hydrocarbon derivatives
MNMVKGDEKPPREK-UHFFFAOYSA-N,CHEMONTID:0004479,Trialkylheterosilanes
MNMVKGDEKPPREK-UHFFFAOYSA-N,CHEMONTID:0003200,Silyl ethers
MNMVKGDEKPPREK-UHFFFAOYSA-N,CHEMONTID:0003998,Organic metalloid salts
MNMVKGDEKPPREK-UHFFFAOYSA-N,CHEMONTID:0000323,Organooxygen compounds
MNMVKGDEKPPREK-UHFFFAOYSA-N,CHEMONTID:0004150,Hydrocarbon derivatives
LWFWUJCJKPUZLV-UHFFFAOYSA-N,CHEMONTID:0004479,Trialkylheterosilanes
LWFWUJCJKPUZLV-UHFFFAOYSA-N,CHEMONTID:0003922,Acetamides
LWFWUJCJKPUZLV-UHFFFAOYSA-N,CHEMONTID:0003998,Organic metalloid salts
LWFWUJCJKPUZLV-UHFFFAOYSA-N,CHEMONTID:0004698,N-silyl compounds
LWFWUJCJKPUZLV-UHFFFAOYSA-N,CHEMONTID:0004557,Organopnictogen compounds
LWFWUJCJKPUZLV-UHFFFAOYSA-N,CHEMONTID:0000278,Organonitrogen compounds
LWFWUJCJKPUZLV-UHFFFAOYSA-N,CHEMONTID:0003940,Organic oxides
LWFWUJCJKPUZLV-UHFFFAOYSA-N,CHEMONTID:0004150,Hydrocarbon derivatives
LWFWUJCJKPUZLV-UHFFFAOYSA-N,CHEMONTID:0001831,Carbonyl compounds
QHUNJMXHQHHWQP-UHFFFAOYSA-N,CHEMONTID:0004481,Trimethylsilyl esters
QHUNJMXHQHHWQP-UHFFFAOYSA-N,CHEMONTID:0004479,Trialkylheterosilanes
QHUNJMXHQHHWQP-UHFFFAOYSA-N,CHEMONTID:0003919,Acetate salts
QHUNJMXHQHHWQP-UHFFFAOYSA-N,CHEMONTID:0003998,Organic metalloid salts
QHUNJMXHQHHWQP-UHFFFAOYSA-N,CHEMONTID:0001137,Monocarboxylic acids and derivatives
QHUNJMXHQHHWQP-UHFFFAOYSA-N,CHEMONTID:0003940,Organic oxides
QHUNJMXHQHHWQP-UHFFFAOYSA-N,CHEMONTID:0004150,Hydrocarbon derivatives
QHUNJMXHQHHWQP-UHFFFAOYSA-N,CHEMONTID:0001831,Carbonyl compounds
NNLPAMPVXAPWKG-UHFFFAOYSA-N,CHEMONTID:0004479,Trialkylheterosilanes
NNLPAMPVXAPWKG-UHFFFAOYSA-N,CHEMONTID:0003200,Silyl ethers
NNLPAMPVXAPWKG-UHFFFAOYSA-N,CHEMONTID:0003998,Organic metalloid salts
NNLPAMPVXAPWKG-UHFFFAOYSA-N,CHEMONTID:0000323,Organooxygen compounds
NNLPAMPVXAPWKG-UHFFFAOYSA-N,CHEMONTID:0004150,Hydrocarbon derivatives
PHPGKIATZDCVHL-UHFFFAOYSA-N,CHEMONTID:0004479,Trialkylheterosilanes
PHPGKIATZDCVHL-UHFFFAOYSA-N,CHEMONTID:0003200,Silyl ethers
PHPGKIATZDCVHL-UHFFFAOYSA-N,CHEMONTID:0003998,Organic metalloid salts
PHPGKIATZDCVHL-UHFFFAOYSA-N,CHEMONTID:0000323,Organooxygen compounds
PHPGKIATZDCVHL-UHFFFAOYSA-N,CHEMONTID:0004150,Hydrocarbon derivatives
LCUMNKGLHJRIMH-UHFFFAOYSA-N,CHEMONTID:0004479,Trialkylheterosilanes
LCUMNKGLHJRIMH-UHFFFAOYSA-N,CHEMONTID:0003200,Silyl ethers
LCUMNKGLHJRIMH-UHFFFAOYSA-N,CHEMONTID:0003998,Organic metalloid salts
LCUMNKGLHJRIMH-UHFFFAOYSA-N,CHEMONTID:0000286,Primary alcohols
LCUMNKGLHJRIMH-UHFFFAOYSA-N,CHEMONTID:0004150,Hydrocarbon derivatives
YKFRUJSEPGHZFJ-UHFFFAOYSA-N,CHEMONTID:0003196,Alkylarylsilanes
YKFRUJSEPGHZFJ-UHFFFAOYSA-N,CHEMONTID:0002311,N-substituted imidazoles
YKFRUJSEPGHZFJ-UHFFFAOYSA-N,CHEMONTID:0004479,Trialkylheterosilanes
YKFRUJSEPGHZFJ-UHFFFAOYSA-N,CHEMONTID:0004144,Heteroaromatic compounds
YKFRUJSEPGHZFJ-UHFFFAOYSA-N,CHEMONTID:0003998,Organic metalloid salts
YKFRUJSEPGHZFJ-UHFFFAOYSA-N,CHEMONTID:0004698,N-silyl compounds
YKFRUJSEPGHZFJ-UHFFFAOYSA-N,CHEMONTID:0004139,Azacyclic compounds
YKFRUJSEPGHZFJ-UHFFFAOYSA-N,CHEMONTID:0004557,Organopnictogen compounds
YKFRUJSEPGHZFJ-UHFFFAOYSA-N,CHEMONTID:0000278,Organonitrogen compounds
YKFRUJSEPGHZFJ-UHFFFAOYSA-N,CHEMONTID:0004150,Hydrocarbon derivatives
UWJHKNQUQVOBQC-UHFFFAOYSA-N,CHEMONTID:0004479,Trialkylheterosilanes
UWJHKNQUQVOBQC-UHFFFAOYSA-N,CHEMONTID:0003998,Organic metalloid salts
UWJHKNQUQVOBQC-UHFFFAOYSA-N,CHEMONTID:0000362,Nitriles
UWJHKNQUQVOBQC-UHFFFAOYSA-N,CHEMONTID:0004698,N-silyl compounds
UWJHKNQUQVOBQC-UHFFFAOYSA-N,CHEMONTID:0004557,Organopnictogen compounds
UWJHKNQUQVOBQC-UHFFFAOYSA-N,CHEMONTID:0004150,Hydrocarbon derivatives
AQXARFPMROXNLL-UHFFFAOYSA-N,CHEMONTID:0003196,Alkylarylsilanes
AQXARFPMROXNLL-UHFFFAOYSA-N,CHEMONTID:0004479,Trialkylheterosilanes
AQXARFPMROXNLL-UHFFFAOYSA-N,CHEMONTID:0000087,Pyrazoles
AQXARFPMROXNLL-UHFFFAOYSA-N,CHEMONTID:0004144,Heteroaromatic compounds
AQXARFPMROXNLL-UHFFFAOYSA-N,CHEMONTID:0003998,Organic metalloid salts
AQXARFPMROXNLL-UHFFFAOYSA-N,CHEMONTID:0004698,N-silyl compounds
AQXARFPMROXNLL-UHFFFAOYSA-N,CHEMONTID:0004139,Azacyclic compounds
AQXARFPMROXNLL-UHFFFAOYSA-N,CHEMONTID:0004557,Organopnictogen compounds
AQXARFPMROXNLL-UHFFFAOYSA-N,CHEMONTID:0000278,Organonitrogen compounds
AQXARFPMROXNLL-UHFFFAOYSA-N,CHEMONTID:0004150,Hydrocarbon derivatives
WPSPBNRWECRRPK-UHFFFAOYSA-N,CHEMONTID:0003196,Alkylarylsilanes
WPSPBNRWECRRPK-UHFFFAOYSA-N,CHEMONTID:0000099,Triazoles
WPSPBNRWECRRPK-UHFFFAOYSA-N,CHEMONTID:0004479,Trialkylheterosilanes
WPSPBNRWECRRPK-UHFFFAOYSA-N,CHEMONTID:0004144,Heteroaromatic compounds
WPSPBNRWECRRPK-UHFFFAOYSA-N,CHEMONTID:0003998,Organic metalloid salts
WPSPBNRWECRRPK-UHFFFAOYSA-N,CHEMONTID:0004698,N-silyl compounds
WPSPBNRWECRRPK-UHFFFAOYSA-N,CHEMONTID:0004139,Azacyclic compounds
WPSPBNRWECRRPK-UHFFFAOYSA-N,CHEMONTID:0004557,Organopnictogen compounds
WPSPBNRWECRRPK-UHFFFAOYSA-N,CHEMONTID:0000278,Organonitrogen compounds
WPSPBNRWECRRPK-UHFFFAOYSA-N,CHEMONTID:0004150,Hydrocarbon derivatives
RMKACVRKUKSWNQ-UHFFFAOYSA-N,CHEMONTID:0004479,Trialkylheterosilanes
RMKACVRKUKSWNQ-UHFFFAOYSA-N,CHEMONTID:0003200,Silyl ethers
RMKACVRKUKSWNQ-UHFFFAOYSA-N,CHEMONTID:0003998,Organic metalloid salts
RMKACVRKUKSWNQ-UHFFFAOYSA-N,CHEMONTID:0004478,Acetylides
RMKACVRKUKSWNQ-UHFFFAOYSA-N,CHEMONTID:0000323,Organooxygen compounds
RMKACVRKUKSWNQ-UHFFFAOYSA-N,CHEMONTID:0004150,Hydrocarbon derivatives
OTYBJBJYBGWBHB-UHFFFAOYSA-N,CHEMONTID:0004481,Trimethylsilyl esters
OTYBJBJYBGWBHB-UHFFFAOYSA-N,CHEMONTID:0004479,Trialkylheterosilanes
OTYBJBJYBGWBHB-UHFFFAOYSA-N,CHEMONTID:0004450,Acrylic acids and derivatives
OTYBJBJYBGWBHB-UHFFFAOYSA-N,CHEMONTID:0001166,Carboxylic acid salts
OTYBJBJYBGWBHB-UHFFFAOYSA-N,CHEMONTID:0003998,Organic metalloid salts
OTYBJBJYBGWBHB-UHFFFAOYSA-N,CHEMONTID:0001137,Monocarboxylic acids and derivatives
OTYBJBJYBGWBHB-UHFFFAOYSA-N,CHEMONTID:0003940,Organic oxides
OTYBJBJYBGWBHB-UHFFFAOYSA-N,CHEMONTID:0004150,Hydrocarbon derivatives
OTYBJBJYBGWBHB-UHFFFAOYSA-N,CHEMONTID:0001831,Carbonyl compounds
RQYBDDHHZHXTRM-AATRIKPKSA-N,CHEMONTID:0004479,Trialkylheterosilanes
RQYBDDHHZHXTRM-AATRIKPKSA-N,CHEMONTID:0003200,Silyl ethers
RQYBDDHHZHXTRM-AATRIKPKSA-N,CHEMONTID:0003998,Organic metalloid salts
RQYBDDHHZHXTRM-AATRIKPKSA-N,CHEMONTID:0000323,Organooxygen compounds
RQYBDDHHZHXTRM-AATRIKPKSA-N,CHEMONTID:0004150,Hydrocarbon derivatives
RQYBDDHHZHXTRM-WAYWQWQTSA-N,CHEMONTID:0004479,Trialkylheterosilanes
RQYBDDHHZHXTRM-WAYWQWQTSA-N,CHEMONTID:0003200,Silyl ethers
RQYBDDHHZHXTRM-WAYWQWQTSA-N,CHEMONTID:0003998,Organic metalloid salts
RQYBDDHHZHXTRM-WAYWQWQTSA-N,CHEMONTID:0000323,Organooxygen compounds
RQYBDDHHZHXTRM-WAYWQWQTSA-N,CHEMONTID:0004150,Hydrocarbon derivatives
KGURQEYMEHYOKV-UHFFFAOYSA-N,CHEMONTID:0004479,Trialkylheterosilanes
KGURQEYMEHYOKV-UHFFFAOYSA-N,CHEMONTID:0003200,Silyl ethers
KGURQEYMEHYOKV-UHFFFAOYSA-N,CHEMONTID:0003998,Organic metalloid salts
KGURQEYMEHYOKV-UHFFFAOYSA-N,CHEMONTID:0000323,Organooxygen compounds
KGURQEYMEHYOKV-UHFFFAOYSA-N,CHEMONTID:0004150,Hydrocarbon derivatives
RZDUHLVFFSFXEY-UHFFFAOYSA-N,CHEMONTID:0004479,Trialkylheterosilanes
RZDUHLVFFSFXEY-UHFFFAOYSA-N,CHEMONTID:0003200,Silyl ethers
RZDUHLVFFSFXEY-UHFFFAOYSA-N,CHEMONTID:0003998,Organic metalloid salts
RZDUHLVFFSFXEY-UHFFFAOYSA-N,CHEMONTID:0000323,Organooxygen compounds
RZDUHLVFFSFXEY-UHFFFAOYSA-N,CHEMONTID:0004150,Hydrocarbon derivatives
CIECCHPUBGAKKT-UHFFFAOYSA-N,CHEMONTID:0004479,Trialkylheterosilanes
CIECCHPUBGAKKT-UHFFFAOYSA-N,CHEMONTID:0003200,Silyl ethers
CIECCHPUBGAKKT-UHFFFAOYSA-N,CHEMONTID:0003998,Organic metalloid salts
CIECCHPUBGAKKT-UHFFFAOYSA-N,CHEMONTID:0000323,Organooxygen compounds
CIECCHPUBGAKKT-UHFFFAOYSA-N,CHEMONTID:0004150,Hydrocarbon derivatives
VTDVCNBADIDXGN-UHFFFAOYSA-N,CHEMONTID:0004479,Trialkylheterosilanes
VTDVCNBADIDXGN-UHFFFAOYSA-N,CHEMONTID:0003200,Silyl ethers
VTDVCNBADIDXGN-UHFFFAOYSA-N,CHEMONTID:0003998,Organic metalloid salts
VTDVCNBADIDXGN-UHFFFAOYSA-N,CHEMONTID:0000323,Organooxygen compounds
VTDVCNBADIDXGN-UHFFFAOYSA-N,CHEMONTID:0004150,Hydrocarbon derivatives
QHUOBLDKFGCVCG-UHFFFAOYSA-N,CHEMONTID:0004479,Trialkylheterosilanes
QHUOBLDKFGCVCG-UHFFFAOYSA-N,CHEMONTID:0003922,Acetamides
QHUOBLDKFGCVCG-UHFFFAOYSA-N,CHEMONTID:0003998,Organic metalloid salts
QHUOBLDKFGCVCG-UHFFFAOYSA-N,CHEMONTID:0004698,N-silyl compounds
QHUOBLDKFGCVCG-UHFFFAOYSA-N,CHEMONTID:0004557,Organopnictogen compounds
QHUOBLDKFGCVCG-UHFFFAOYSA-N,CHEMONTID:0000278,Organonitrogen compounds
QHUOBLDKFGCVCG-UHFFFAOYSA-N,CHEMONTID:0003940,Organic oxides
QHUOBLDKFGCVCG-UHFFFAOYSA-N,CHEMONTID:0004150,Hydrocarbon derivatives
QHUOBLDKFGCVCG-UHFFFAOYSA-N,CHEMONTID:0001831,Carbonyl compounds
JOOMLFKONHCLCJ-UHFFFAOYSA-N,CHEMONTID:0004479,Trialkylheterosilanes
JOOMLFKONHCLCJ-UHFFFAOYSA-N,CHEMONTID:0003998,Organic metalloid salts
JOOMLFKONHCLCJ-UHFFFAOYSA-N,CHEMONTID:0004698,N-silyl compounds
JOOMLFKONHCLCJ-UHFFFAOYSA-N,CHEMONTID:0004557,Organopnictogen compounds
JOOMLFKONHCLCJ-UHFFFAOYSA-N,CHEMONTID:0000278,Organonitrogen compounds
JOOMLFKONHCLCJ-UHFFFAOYSA-N,CHEMONTID:0004150,Hydrocarbon derivatives
GVHIREZHTRULPT-UHFFFAOYSA-N,CHEMONTID:0004479,Trialkylheterosilanes
GVHIREZHTRULPT-UHFFFAOYSA-N,CHEMONTID:0003998,Organic metalloid salts
GVHIREZHTRULPT-UHFFFAOYSA-N,CHEMONTID:0004698,N-silyl compounds
GVHIREZHTRULPT-UHFFFAOYSA-N,CHEMONTID:0004557,Organopnictogen compounds
GVHIREZHTRULPT-UHFFFAOYSA-N,CHEMONTID:0000278,Organonitrogen compounds
GVHIREZHTRULPT-UHFFFAOYSA-N,CHEMONTID:0004150,Hydrocarbon derivatives
QVSRWXFOZLIWJS-UHFFFAOYSA-N,CHEMONTID:0004481,Trimethylsilyl esters
QVSRWXFOZLIWJS-UHFFFAOYSA-N,CHEMONTID:0004479,Trialkylheterosilanes
QVSRWXFOZLIWJS-UHFFFAOYSA-N,CHEMONTID:0001166,Carboxylic acid salts
QVSRWXFOZLIWJS-UHFFFAOYSA-N,CHEMONTID:0003998,Organic metalloid salts
QVSRWXFOZLIWJS-UHFFFAOYSA-N,CHEMONTID:0001137,Monocarboxylic acids and derivatives
QVSRWXFOZLIWJS-UHFFFAOYSA-N,CHEMONTID:0003940,Organic oxides
QVSRWXFOZLIWJS-UHFFFAOYSA-N,CHEMONTID:0004150,Hydrocarbon derivatives
QVSRWXFOZLIWJS-UHFFFAOYSA-N,CHEMONTID:0001831,Carbonyl compounds
PGZGBYCKAOEPQZ-UHFFFAOYSA-N,CHEMONTID:0004479,Trialkylheterosilanes
PGZGBYCKAOEPQZ-UHFFFAOYSA-N,CHEMONTID:0003200,Silyl ethers
PGZGBYCKAOEPQZ-UHFFFAOYSA-N,CHEMONTID:0003998,Organic metalloid salts
PGZGBYCKAOEPQZ-UHFFFAOYSA-N,CHEMONTID:0000323,Organooxygen compounds
PGZGBYCKAOEPQZ-UHFFFAOYSA-N,CHEMONTID:0004150,Hydrocarbon derivatives
NPVKWWQBIVSLRO-UHFFFAOYSA-N,CHEMONTID:0004479,Trialkylheterosilanes
NPVKWWQBIVSLRO-UHFFFAOYSA-N,CHEMONTID:0003200,Silyl ethers
NPVKWWQBIVSLRO-UHFFFAOYSA-N,CHEMONTID:0003998,Organic metalloid salts
NPVKWWQBIVSLRO-UHFFFAOYSA-N,CHEMONTID:0000323,Organooxygen compounds
NPVKWWQBIVSLRO-UHFFFAOYSA-N,CHEMONTID:0004150,Hydrocarbon derivatives
ZQINJXJSYYRJIV-UHFFFAOYSA-N,CHEMONTID:0004479,Trialkylheterosilanes
ZQINJXJSYYRJIV-UHFFFAOYSA-N,CHEMONTID:0003200,Silyl ethers
ZQINJXJSYYRJIV-UHFFFAOYSA-N,CHEMONTID:0003998,Organic metalloid salts
ZQINJXJSYYRJIV-UHFFFAOYSA-N,CHEMONTID:0000323,Organooxygen compounds
ZQINJXJSYYRJIV-UHFFFAOYSA-N,CHEMONTID:0004150,Hydrocarbon derivatives
YTJUXOIAXOQWBV-UHFFFAOYSA-N,CHEMONTID:0004479,Trialkylheterosilanes
YTJUXOIAXOQWBV-UHFFFAOYSA-N,CHEMONTID:0003200,Silyl ethers
YTJUXOIAXOQWBV-UHFFFAOYSA-N,CHEMONTID:0003998,Organic metalloid salts
YTJUXOIAXOQWBV-UHFFFAOYSA-N,CHEMONTID:0000323,Organooxygen compounds
YTJUXOIAXOQWBV-UHFFFAOYSA-N,CHEMONTID:0004150,Hydrocarbon derivatives
PYEWXFVCJUWAPS-UHFFFAOYSA-N,CHEMONTID:0000060,Alpha amino acids and derivatives
PYEWXFVCJUWAPS-UHFFFAOYSA-N,CHEMONTID:0004481,Trimethylsilyl esters
PYEWXFVCJUWAPS-UHFFFAOYSA-N,CHEMONTID:0004479,Trialkylheterosilanes
PYEWXFVCJUWAPS-UHFFFAOYSA-N,CHEMONTID:0001166,Carboxylic acid salts
PYEWXFVCJUWAPS-UHFFFAOYSA-N,CHEMONTID:0003998,Organic metalloid salts
PYEWXFVCJUWAPS-UHFFFAOYSA-N,CHEMONTID:0001137,Monocarboxylic acids and derivatives
PYEWXFVCJUWAPS-UHFFFAOYSA-N,CHEMONTID:0004557,Organopnictogen compounds
PYEWXFVCJUWAPS-UHFFFAOYSA-N,CHEMONTID:0003940,Organic oxides
PYEWXFVCJUWAPS-UHFFFAOYSA-N,CHEMONTID:0000469,Monoalkylamines
PYEWXFVCJUWAPS-UHFFFAOYSA-N,CHEMONTID:0004150,Hydrocarbon derivatives
PYEWXFVCJUWAPS-UHFFFAOYSA-N,CHEMONTID:0001831,Carbonyl compounds
VTBPVFUOJWSMHY-UHFFFAOYSA-N,CHEMONTID:0004479,Trialkylheterosilanes
VTBPVFUOJWSMHY-UHFFFAOYSA-N,CHEMONTID:0003200,Silyl ethers
VTBPVFUOJWSMHY-UHFFFAOYSA-N,CHEMONTID:0003998,Organic metalloid salts
VTBPVFUOJWSMHY-UHFFFAOYSA-N,CHEMONTID:0004557,Organopnictogen compounds
VTBPVFUOJWSMHY-UHFFFAOYSA-N,CHEMONTID:0000323,Organooxygen compounds
VTBPVFUOJWSMHY-UHFFFAOYSA-N,CHEMONTID:0000469,Monoalkylamines
VTBPVFUOJWSMHY-UHFFFAOYSA-N,CHEMONTID:0004150,Hydrocarbon derivatives
ZGOHBIWYJKOJEE-UHFFFAOYSA-N,CHEMONTID:0004479,Trialkylheterosilanes
ZGOHBIWYJKOJEE-UHFFFAOYSA-N,CHEMONTID:0000364,Organic carbonic acids and derivatives
ZGOHBIWYJKOJEE-UHFFFAOYSA-N,CHEMONTID:0003998,Organic metalloid salts
ZGOHBIWYJKOJEE-UHFFFAOYSA-N,CHEMONTID:0003940,Organic oxides
ZGOHBIWYJKOJEE-UHFFFAOYSA-N,CHEMONTID:0004150,Hydrocarbon derivatives
ZGOHBIWYJKOJEE-UHFFFAOYSA-N,CHEMONTID:0001831,Carbonyl compounds
URTIXQAZBNOKIR-UHFFFAOYSA-N,CHEMONTID:0004481,Trimethylsilyl esters
URTIXQAZBNOKIR-UHFFFAOYSA-N,CHEMONTID:0004479,Trialkylheterosilanes
URTIXQAZBNOKIR-UHFFFAOYSA-N,CHEMONTID:0001166,Carboxylic acid salts
URTIXQAZBNOKIR-UHFFFAOYSA-N,CHEMONTID:0003998,Organic metalloid salts
URTIXQAZBNOKIR-UHFFFAOYSA-N,CHEMONTID:0001137,Monocarboxylic acids and derivatives
URTIXQAZBNOKIR-UHFFFAOYSA-N,CHEMONTID:0000286,Primary alcohols
URTIXQAZBNOKIR-UHFFFAOYSA-N,CHEMONTID:0003940,Organic oxides
URTIXQAZBNOKIR-UHFFFAOYSA-N,CHEMONTID:0004150,Hydrocarbon derivatives
URTIXQAZBNOKIR-UHFFFAOYSA-N,CHEMONTID:0001831,Carbonyl compounds
GVDWMUZJTUETPO-UHFFFAOYSA-N,CHEMONTID:0004479,Trialkylheterosilanes
GVDWMUZJTUETPO-UHFFFAOYSA-N,CHEMONTID:0003200,Silyl ethers
GVDWMUZJTUETPO-UHFFFAOYSA-N,CHEMONTID:0003998,Organic metalloid salts
GVDWMUZJTUETPO-UHFFFAOYSA-N,CHEMONTID:0000286,Primary alcohols
GVDWMUZJTUETPO-UHFFFAOYSA-N,CHEMONTID:0004150,Hydrocarbon derivatives
HRDKXAGASFLTCG-UHFFFAOYSA-N,CHEMONTID:0004479,Trialkylheterosilanes
HRDKXAGASFLTCG-UHFFFAOYSA-N,CHEMONTID:0003200,Silyl ethers
HRDKXAGASFLTCG-UHFFFAOYSA-N,CHEMONTID:0003998,Organic metalloid salts
HRDKXAGASFLTCG-UHFFFAOYSA-N,CHEMONTID:0001167,Dialkyl ethers
HRDKXAGASFLTCG-UHFFFAOYSA-N,CHEMONTID:0004150,Hydrocarbon derivatives
HTHGXLACOYESSV-UHFFFAOYSA-N,CHEMONTID:0004479,Trialkylheterosilanes
HTHGXLACOYESSV-UHFFFAOYSA-N,CHEMONTID:0003200,Silyl ethers
HTHGXLACOYESSV-UHFFFAOYSA-N,CHEMONTID:0003998,Organic metalloid salts
HTHGXLACOYESSV-UHFFFAOYSA-N,CHEMONTID:0001212,Alkylthiols
HTHGXLACOYESSV-UHFFFAOYSA-N,CHEMONTID:0000323,Organooxygen compounds
HTHGXLACOYESSV-UHFFFAOYSA-N,CHEMONTID:0004150,Hydrocarbon derivatives
KEDKLJYQJMFUGN-UHFFFAOYSA-N,CHEMONTID:0004479,Trialkylheterosilanes
KEDKLJYQJMFUGN-UHFFFAOYSA-N,CHEMONTID:0003461,Alkanesulfinic acids and derivatives
KEDKLJYQJMFUGN-UHFFFAOYSA-N,CHEMONTID:0003998,Organic metalloid salts
KEDKLJYQJMFUGN-UHFFFAOYSA-N,CHEMONTID:0000004,Organosulfur compounds
KEDKLJYQJMFUGN-UHFFFAOYSA-N,CHEMONTID:0003940,Organic oxides
KEDKLJYQJMFUGN-UHFFFAOYSA-N,CHEMONTID:0004150,Hydrocarbon derivatives
JTJMOVOIAXPQTN-UHFFFAOYSA-N,CHEMONTID:0004479,Trialkylheterosilanes
JTJMOVOIAXPQTN-UHFFFAOYSA-N,CHEMONTID:0003200,Silyl ethers
JTJMOVOIAXPQTN-UHFFFAOYSA-N,CHEMONTID:0003998,Organic metalloid salts
JTJMOVOIAXPQTN-UHFFFAOYSA-N,CHEMONTID:0004478,Acetylides
JTJMOVOIAXPQTN-UHFFFAOYSA-N,CHEMONTID:0000323,Organooxygen compounds
JTJMOVOIAXPQTN-UHFFFAOYSA-N,CHEMONTID:0004150,Hydrocarbon derivatives
SOAHOCIFKIHEAX-UHFFFAOYSA-N,CHEMONTID:0004481,Trimethylsilyl esters
SOAHOCIFKIHEAX-UHFFFAOYSA-N,CHEMONTID:0004479,Trialkylheterosilanes
SOAHOCIFKIHEAX-UHFFFAOYSA-N,CHEMONTID:0001166,Carboxylic acid salts
SOAHOCIFKIHEAX-UHFFFAOYSA-N,CHEMONTID:0003998,Organic metalloid salts
SOAHOCIFKIHEAX-UHFFFAOYSA-N,CHEMONTID:0001137,Monocarboxylic acids and derivatives
SOAHOCIFKIHEAX-UHFFFAOYSA-N,CHEMONTID:0003940,Organic oxides
SOAHOCIFKIHEAX-UHFFFAOYSA-N,CHEMONTID:0004150,Hydrocarbon derivatives
SOAHOCIFKIHEAX-UHFFFAOYSA-N,CHEMONTID:0001831,Carbonyl compounds
YUEJLXANOXNEAC-VOTSOKGWSA-N,CHEMONTID:0004479,Trialkylheterosilanes
YUEJLXANOXNEAC-VOTSOKGWSA-N,CHEMONTID:0002053,Silyl enol ethers
YUEJLXANOXNEAC-VOTSOKGWSA-N,CHEMONTID:0003998,Organic metalloid salts
YUEJLXANOXNEAC-VOTSOKGWSA-N,CHEMONTID:0000323,Organooxygen compounds
YUEJLXANOXNEAC-VOTSOKGWSA-N,CHEMONTID:0004150,Hydrocarbon derivatives
JNRUXZIXAXHXTN-UHFFFAOYSA-N,CHEMONTID:0001373,Ynones
JNRUXZIXAXHXTN-UHFFFAOYSA-N,CHEMONTID:0004479,Trialkylheterosilanes
JNRUXZIXAXHXTN-UHFFFAOYSA-N,CHEMONTID:0003200,Silyl ethers
JNRUXZIXAXHXTN-UHFFFAOYSA-N,CHEMONTID:0003998,Organic metalloid salts
JNRUXZIXAXHXTN-UHFFFAOYSA-N,CHEMONTID:0004478,Acetylides
JNRUXZIXAXHXTN-UHFFFAOYSA-N,CHEMONTID:0004150,Hydrocarbon derivatives
LUBVCBITQHEVCJ-UHFFFAOYSA-N,CHEMONTID:0003031,Pyrrolidine-2-ones
LUBVCBITQHEVCJ-UHFFFAOYSA-N,CHEMONTID:0004479,Trialkylheterosilanes
LUBVCBITQHEVCJ-UHFFFAOYSA-N,CHEMONTID:0000160,Lactams
LUBVCBITQHEVCJ-UHFFFAOYSA-N,CHEMONTID:0003998,Organic metalloid salts
LUBVCBITQHEVCJ-UHFFFAOYSA-N,CHEMONTID:0004698,N-silyl compounds
LUBVCBITQHEVCJ-UHFFFAOYSA-N,CHEMONTID:0000265,Carboxylic acids and derivatives
LUBVCBITQHEVCJ-UHFFFAOYSA-N,CHEMONTID:0004139,Azacyclic compounds
LUBVCBITQHEVCJ-UHFFFAOYSA-N,CHEMONTID:0004557,Organopnictogen compounds
LUBVCBITQHEVCJ-UHFFFAOYSA-N,CHEMONTID:0000278,Organonitrogen compounds
LUBVCBITQHEVCJ-UHFFFAOYSA-N,CHEMONTID:0003940,Organic oxides
LUBVCBITQHEVCJ-UHFFFAOYSA-N,CHEMONTID:0004150,Hydrocarbon derivatives
LUBVCBITQHEVCJ-UHFFFAOYSA-N,CHEMONTID:0001831,Carbonyl compounds
OJZSTMVNBQINBV-UHFFFAOYSA-N,CHEMONTID:0004479,Trialkylheterosilanes
OJZSTMVNBQINBV-UHFFFAOYSA-N,CHEMONTID:0003998,Organic metalloid salts
OJZSTMVNBQINBV-UHFFFAOYSA-N,CHEMONTID:0004698,N-silyl compounds
OJZSTMVNBQINBV-UHFFFAOYSA-N,CHEMONTID:0004557,Organopnictogen compounds
OJZSTMVNBQINBV-UHFFFAOYSA-N,CHEMONTID:0000278,Organonitrogen compounds
OJZSTMVNBQINBV-UHFFFAOYSA-N,CHEMONTID:0004150,Hydrocarbon derivatives
WLADIVUISABQHN-UHFFFAOYSA-N,CHEMONTID:0000195,Piperidines
WLADIVUISABQHN-UHFFFAOYSA-N,CHEMONTID:0004479,Trialkylheterosilanes
WLADIVUISABQHN-UHFFFAOYSA-N,CHEMONTID:0003998,Organic metalloid salts
WLADIVUISABQHN-UHFFFAOYSA-N,CHEMONTID:0004698,N-silyl compounds
WLADIVUISABQHN-UHFFFAOYSA-N,CHEMONTID:0004139,Azacyclic compounds
WLADIVUISABQHN-UHFFFAOYSA-N,CHEMONTID:0004557,Organopnictogen compounds
WLADIVUISABQHN-UHFFFAOYSA-N,CHEMONTID:0000278,Organonitrogen compounds
WLADIVUISABQHN-UHFFFAOYSA-N,CHEMONTID:0004150,Hydrocarbon derivatives
NJLWVYLLRXIFHK-UHFFFAOYSA-N,CHEMONTID:0004481,Trimethylsilyl esters
NJLWVYLLRXIFHK-UHFFFAOYSA-N,CHEMONTID:0004479,Trialkylheterosilanes
NJLWVYLLRXIFHK-UHFFFAOYSA-N,CHEMONTID:0001166,Carboxylic acid salts
NJLWVYLLRXIFHK-UHFFFAOYSA-N,CHEMONTID:0003998,Organic metalloid salts
NJLWVYLLRXIFHK-UHFFFAOYSA-N,CHEMONTID:0001137,Monocarboxylic acids and derivatives
NJLWVYLLRXIFHK-UHFFFAOYSA-N,CHEMONTID:0003940,Organic oxides
NJLWVYLLRXIFHK-UHFFFAOYSA-N,CHEMONTID:0004150,Hydrocarbon derivatives
NJLWVYLLRXIFHK-UHFFFAOYSA-N,CHEMONTID:0001831,Carbonyl compounds
PGQNYIRJCLTTOJ-UHFFFAOYSA-N,CHEMONTID:0004481,Trimethylsilyl esters
PGQNYIRJCLTTOJ-UHFFFAOYSA-N,CHEMONTID:0004479,Trialkylheterosilanes
PGQNYIRJCLTTOJ-UHFFFAOYSA-N,CHEMONTID:0001166,Carboxylic acid salts
PGQNYIRJCLTTOJ-UHFFFAOYSA-N,CHEMONTID:0003998,Organic metalloid salts
PGQNYIRJCLTTOJ-UHFFFAOYSA-N,CHEMONTID:0001137,Monocarboxylic acids and derivatives
PGQNYIRJCLTTOJ-UHFFFAOYSA-N,CHEMONTID:0003940,Organic oxides
PGQNYIRJCLTTOJ-UHFFFAOYSA-N,CHEMONTID:0004150,Hydrocarbon derivatives
PGQNYIRJCLTTOJ-UHFFFAOYSA-N,CHEMONTID:0001831,Carbonyl compounds
XGPXKYJNRNGJPY-UHFFFAOYSA-N,CHEMONTID:0004479,Trialkylheterosilanes
XGPXKYJNRNGJPY-UHFFFAOYSA-N,CHEMONTID:0003200,Silyl ethers
XGPXKYJNRNGJPY-UHFFFAOYSA-N,CHEMONTID:0003998,Organic metalloid salts
XGPXKYJNRNGJPY-UHFFFAOYSA-N,CHEMONTID:0000323,Organooxygen compounds
XGPXKYJNRNGJPY-UHFFFAOYSA-N,CHEMONTID:0004150,Hydrocarbon derivatives
XWKAOAUZLJPSHQ-SREVYHEPSA-N,CHEMONTID:0004479,Trialkylheterosilanes
XWKAOAUZLJPSHQ-SREVYHEPSA-N,CHEMONTID:0003200,Silyl ethers
XWKAOAUZLJPSHQ-SREVYHEPSA-N,CHEMONTID:0003998,Organic metalloid salts
XWKAOAUZLJPSHQ-SREVYHEPSA-N,CHEMONTID:0000323,Organooxygen compounds
XWKAOAUZLJPSHQ-SREVYHEPSA-N,CHEMONTID:0004150,Hydrocarbon derivatives
ROGGYZJIWCZIQA-UHFFFAOYSA-N,CHEMONTID:0004479,Trialkylheterosilanes
ROGGYZJIWCZIQA-UHFFFAOYSA-N,CHEMONTID:0003200,Silyl ethers
ROGGYZJIWCZIQA-UHFFFAOYSA-N,CHEMONTID:0003998,Organic metalloid salts
ROGGYZJIWCZIQA-UHFFFAOYSA-N,CHEMONTID:0000323,Organooxygen compounds
ROGGYZJIWCZIQA-UHFFFAOYSA-N,CHEMONTID:0004150,Hydrocarbon derivatives
OBVCVCYWTYHPPB-UHFFFAOYSA-N,CHEMONTID:0004479,Trialkylheterosilanes
OBVCVCYWTYHPPB-UHFFFAOYSA-N,CHEMONTID:0003200,Silyl ethers
OBVCVCYWTYHPPB-UHFFFAOYSA-N,CHEMONTID:0003998,Organic metalloid salts
OBVCVCYWTYHPPB-UHFFFAOYSA-N,CHEMONTID:0000323,Organooxygen compounds
OBVCVCYWTYHPPB-UHFFFAOYSA-N,CHEMONTID:0004150,Hydrocarbon derivatives
JHTHPYMRROBKBP-UHFFFAOYSA-N,CHEMONTID:0004479,Trialkylheterosilanes
JHTHPYMRROBKBP-UHFFFAOYSA-N,CHEMONTID:0003200,Silyl ethers
JHTHPYMRROBKBP-UHFFFAOYSA-N,CHEMONTID:0003998,Organic metalloid salts
JHTHPYMRROBKBP-UHFFFAOYSA-N,CHEMONTID:0000323,Organooxygen compounds
JHTHPYMRROBKBP-UHFFFAOYSA-N,CHEMONTID:0004150,Hydrocarbon derivatives
FEKDDBYWIMYNGO-UHFFFAOYSA-N,CHEMONTID:0004479,Trialkylheterosilanes
FEKDDBYWIMYNGO-UHFFFAOYSA-N,CHEMONTID:0003200,Silyl ethers
FEKDDBYWIMYNGO-UHFFFAOYSA-N,CHEMONTID:0003998,Organic metalloid salts
FEKDDBYWIMYNGO-UHFFFAOYSA-N,CHEMONTID:0000323,Organooxygen compounds
FEKDDBYWIMYNGO-UHFFFAOYSA-N,CHEMONTID:0004150,Hydrocarbon derivatives
BLBZOGHDVSJFBH-UHFFFAOYSA-N
JJOWIQMPCCUIGA-UHFFFAOYSA-N
ASJPGFUJHDBHBA-UHFFFAOYSA-N
NLBVAOHPBWOCFH-UHFFFAOYSA-N
KILXEJUPHXXGCP-UHFFFAOYSA-N
IHTVTNNAFDOJBO-UHFFFAOYSA-N
SCHPFYABZNRJOB-UHFFFAOYSA-N
VLZHDKBZADCWHN-SNAWJCMRSA-N
YOXUKTJZXUYZMV-UHFFFAOYSA-N
CFUAMMVVJMPPLD-UHFFFAOYSA-N
UABFFWVEXACZGD-UHFFFAOYSA-N
UJIMSYYOGKAJIM-UHFFFAOYSA-N
GRSPKXMQYAOQBM-UHFFFAOYSA-N
FAOKBCUOLAZFHY-UHFFFAOYSA-N
NHRBDJIQRIQUHD-UHFFFAOYSA-N
ZYQPBYVVLYYAQX-UHFFFAOYSA-N
OTZAXEIMULLWKT-UHFFFAOYSA-N
LZYJRNYRJJQAEJ-UHFFFAOYSA-N
IXVIBJMDQXQASU-UHFFFAOYSA-N
HSFUOEGYCLVWCE-UHFFFAOYSA-N
LDNHMLRKFLFPIV-UHFFFAOYSA-N
KKFWQXJBWDWATB-UHFFFAOYSA-N
ZVLICNQMTMDFFC-UHFFFAOYSA-N
GTZSIXUFBXARQI-UHFFFAOYSA-N
XTXFUQOLBKQKJU-UHFFFAOYSA-N
QXFMGPZJCKOKTK-UHFFFAOYSA-N
NWBDNWPZFNUJHX-UHFFFAOYSA-N
IPJPAQIHUIKFLV-UHFFFAOYSA-N
OJAJJFGMKAZGRZ-UHFFFAOYSA-N,CHEMONTID:0004742,Phenoxy compounds
OJAJJFGMKAZGRZ-UHFFFAOYSA-N,CHEMONTID:0004479,Trialkylheterosilanes
OJAJJFGMKAZGRZ-UHFFFAOYSA-N,CHEMONTID:0003998,Organic metalloid salts
OJAJJFGMKAZGRZ-UHFFFAOYSA-N,CHEMONTID:0000323,Organooxygen compounds
OJAJJFGMKAZGRZ-UHFFFAOYSA-N,CHEMONTID:0004150,Hydrocarbon derivatives
LEMXOCROJQSQFD-UHFFFAOYSA-N
KFFLURFUDWDCFK-UHFFFAOYSA-N
BCHASIUOFGDRIO-UHFFFAOYSA-N
NCSQQLIUPOKCKU-UHFFFAOYSA-N
XMYNYTWIFJIYBS-UHFFFAOYSA-N
FKFGNRAGIVMYRD-UHFFFAOYSA-N
KSWXTPDLFZIMTK-UHFFFAOYSA-N
ZDAVXQHVHZXPTF-UHFFFAOYSA-N
GXLZMBVLJWXRIB-UHFFFAOYSA-N
BCGPZCSDYLUCTL-UHFFFAOYSA-N
WAMZVTSONPSLNR-VOTSOKGWSA-N
KNFZPFSOTLGZEE-UHFFFAOYSA-N
GZQWHCAXPCOMTD-SREVYHEPSA-N
JLSKQCUTNMNICQ-FPLPWBNLSA-N
PGRDNHQIURCHPZ-UHFFFAOYSA-N
PJFYSSLVAVPJTO-VOTSOKGWSA-N
PJFYSSLVAVPJTO-SREVYHEPSA-N
PUBUDJVXVXUTKX-UHFFFAOYSA-N
CDZVVEGABVSNKE-VURMDHGXSA-N
CHFNURONSPGXNM-UHFFFAOYSA-N
GEZQRKBBRMOCSP-UHFFFAOYSA-N
FDGFSLJBVKGLCO-UHFFFAOYSA-N
JNOGVQJEBGEKMG-UHFFFAOYSA-N
UYAAAZBWOYCABT-UHFFFAOYSA-N
NYTDWQKKBSMLGY-UHFFFAOYSA-N
FEUVPJCEKKEDPZ-UHFFFAOYSA-N
KBBNGLHDTQGESG-UHFFFAOYSA-N
YNMLXAFPXHGKOD-UHFFFAOYSA-N
KGKDJRAZLXGYOO-UHFFFAOYSA-N
PXNYJNUWOLDIPO-UHFFFAOYSA-N
PZPJEYNJUQHNEU-UHFFFAOYSA-N
OALCUISZMBCYMO-UHFFFAOYSA-N
HNVBZKNIPZVUDV-UHFFFAOYSA-N
VNBANJWOJZUFPL-UHFFFAOYSA-N
DZBANYJTCRZHGN-UHFFFAOYSA-N
HHESGRKZAWUAEQ-UHFFFAOYSA-N
USEVCONBFAEYNG-UHFFFAOYSA-N
WMROMLLACOZNIQ-UHFFFAOYSA-N
DPRFUZUDPNMXIO-UHFFFAOYSA-N
KQFWBYSETOZMBH-UHFFFAOYSA-N
CQDDCQABWZCCOO-UHFFFAOYSA-N
QNGPFLOHTKCASJ-UHFFFAOYSA-N
IYFBTAZTVATNQA-UHFFFAOYSA-N
IXEGDFGFFWAZFW-UHFFFAOYSA-N
BEJNIMBRDBNWHN-UHFFFAOYSA-N
ABFULWVGGIKUSM-UHFFFAOYSA-N
UQXDNVXSGVCULN-UHFFFAOYSA-N
XYIXWDNUMHGHMK-UHFFFAOYSA-N
QCVQFUMPZLEORX-UHFFFAOYSA-N
LNTQLIBTDFHZSV-UHFFFAOYSA-N
MQNFPODVFUZNGB-UHFFFAOYSA-N
DNDGHVIUWAOBHA-UHFFFAOYSA-N
MPXISNMASZZGRX-UHFFFAOYSA-N
GTANUEYCMFKHNR-UHFFFAOYSA-N
LAPCXFKXORXMSV-UHFFFAOYSA-N
GSELFHHQQDHFIF-UHFFFAOYSA-N
OVONARZNQIKMGQ-UHFFFAOYSA-N
AOKMFXQCRBQJOP-UHFFFAOYSA-N
NYGJXYBYDZNXQY-UHFFFAOYSA-N
UYBLRZBUAXYZQO-UHFFFAOYSA-N,CHEMONTID:0004742,Phenoxy compounds
UYBLRZBUAXYZQO-UHFFFAOYSA-N,CHEMONTID:0001091,Toluenes
UYBLRZBUAXYZQO-UHFFFAOYSA-N,CHEMONTID:0004479,Trialkylheterosilanes
UYBLRZBUAXYZQO-UHFFFAOYSA-N,CHEMONTID:0003998,Organic metalloid salts
UYBLRZBUAXYZQO-UHFFFAOYSA-N,CHEMONTID:0000323,Organooxygen compounds
UYBLRZBUAXYZQO-UHFFFAOYSA-N,CHEMONTID:0004150,Hydrocarbon derivatives
KWNZPYGXIBVQKX-UHFFFAOYSA-N
HERQZHJWUJCCRT-UHFFFAOYSA-N
PZVLVJWSLGPDGX-UHFFFAOYSA-N
GSYUIHQMZSVLBA-UHFFFAOYSA-N
VASQIQBISAZVJR-UHFFFAOYSA-N
TXEMVWBAEIJEGJ-UHFFFAOYSA-N
OQRAKRQKKXWZEN-UHFFFAOYSA-N
VJMQFIRIMMSSRW-UHFFFAOYSA-N
NFVQIKZNWVPHPO-UHFFFAOYSA-N
UDSMTNDZFCWEJL-UHFFFAOYSA-N
YEMFMDBPQCCXNP-UHFFFAOYSA-N
VSKBDEYAUHUONX-UHFFFAOYSA-N
BIKFDJNAMKPPRE-UHFFFAOYSA-N
XMEORGBWULGDAQ-UHFFFAOYSA-N
JJUBCHFIUJTWQH-BSWSSELBSA-N
OUYQKNLEKCJOLJ-UHFFFAOYSA-N
RABNXRYTRXOHQN-UHFFFAOYSA-N
RCWSMGKJVJBMAK-UHFFFAOYSA-N
BTXFROGYYXYDGW-UHFFFAOYSA-N
RCNLUVBAZAMEIC-UHFFFAOYSA-N
KARYOLQGIPCTTG-BQYQJAHWSA-N
LRYIGXAAWHNNOA-ZJUUUORDSA-N
LRYIGXAAWHNNOA-NXEZZACHSA-N
HFAYRHAZVSUDBG-UHFFFAOYSA-N
YCOXVWFHCPDDDZ-UHFFFAOYSA-N
JQAKEQPKWYLGTN-ZJUUUORDSA-N
HFAYRHAZVSUDBG-MGCOHNPYSA-N
JQAKEQPKWYLGTN-NXEZZACHSA-N
CTOOFLGKFDATDA-UHFFFAOYSA-N
ZHHOUXSQMHJPRA-UHFFFAOYSA-N
PDWAWUYUYBKFJQ-UHFFFAOYSA-N
ACMPZIKLTOCALS-UHFFFAOYSA-N
KXURKMKWKFOXLN-UHFFFAOYSA-N
VFKKKSSJRGFPIS-UHFFFAOYSA-N
SKSOOBJAPLSIMV-UHFFFAOYSA-N
FGWOOBFLLUJICP-KYZUINATSA-N
CYXNJMDACJPPRR-UHFFFAOYSA-N
LZUXEUITVJWLRQ-UHFFFAOYSA-N
FGWOOBFLLUJICP-DTORHVGOSA-N
UMRHTNKGONZNDQ-UHFFFAOYSA-N
BFXQFCFTGYRBAE-UHFFFAOYSA-N
ZPYHJEJAQLVBAF-UHFFFAOYSA-N
ICHWBKBDFNYMET-UHFFFAOYSA-N
ARLOCEWCOYNVON-UHFFFAOYSA-N
KBSVUZDSMPXFJS-UHFFFAOYSA-N
TWZOCQCGEYSDBW-UHFFFAOYSA-N
BRCKXDXFQKVLKF-UHFFFAOYSA-N
GFSNWMLVFYNVRW-UHFFFAOYSA-N
JCPCRRYZPFSMDS-UHFFFAOYSA-N
FVTIWXTUSQSDKB-UHFFFAOYSA-N
IJGIMCZHMYSSHY-ZETCQYMHSA-N
LYCNGDWFSVYEHD-UHFFFAOYSA-N
WPKGWCLLPDCEQS-UHFFFAOYSA-N
ZNVDGFLYEAIQCT-UHFFFAOYSA-N
FRISJHRZDIEVIW-UHFFFAOYSA-N
FHDCVPMIQWHEAE-UHFFFAOYSA-N
IPBFETYVOGXEJZ-UHFFFAOYSA-N
IJDZACBQKZBMAZ-UHFFFAOYSA-N
GKPWRNUXLHBVEH-UHFFFAOYSA-N
AAJHNFBJNSCZQJ-UHFFFAOYSA-N
BOXXIHGXOYCSRO-UHFFFAOYSA-N
SASUQSIXYAHYBP-UHFFFAOYSA-N
BLUMSOONSFWPGU-UHFFFAOYSA-N
IJDNGNISLLHUCN-UHFFFAOYSA-N
RLBKKXDJGJYLBC-UHFFFAOYSA-N
OCGAOEVDPUVZCP-UHFFFAOYSA-N
RHFKMIFHFBHGLS-UHFFFAOYSA-N
VFFKJOXNCSJSAQ-UHFFFAOYSA-N
GMQJTDJLZSIFQG-UHFFFAOYSA-N,CHEMONTID:0000321,Benzoyl derivatives
GMQJTDJLZSIFQG-UHFFFAOYSA-N,CHEMONTID:0004742,Phenoxy compounds
GMQJTDJLZSIFQG-UHFFFAOYSA-N,CHEMONTID:0001345,Benzaldehydes
GMQJTDJLZSIFQG-UHFFFAOYSA-N,CHEMONTID:0004479,Trialkylheterosilanes
GMQJTDJLZSIFQG-UHFFFAOYSA-N,CHEMONTID:0003998,Organic metalloid salts
GMQJTDJLZSIFQG-UHFFFAOYSA-N,CHEMONTID:0003940,Organic oxides
GMQJTDJLZSIFQG-UHFFFAOYSA-N,CHEMONTID:0004150,Hydrocarbon derivatives
FLVQNLXVIRUAPB-UHFFFAOYSA-N
VQRBOHGTTOAYTJ-UHFFFAOYSA-N
ZDEFWWOHFSCODL-UHFFFAOYSA-N
QKVHRAQRJNUOAF-UHFFFAOYSA-N
FCOHGWDOEMDWOD-UHFFFAOYSA-N
YJUMCPQVKCVRMP-UHFFFAOYSA-N
BZOXVMMTSDEJEL-UHFFFAOYSA-N
CXMPXUMNFRWCIY-UHFFFAOYSA-N
LRGBWSDGFQUTHX-UHFFFAOYSA-N
XLZRFTUPZGLUER-UHFFFAOYSA-N
MNBNTAKLVREHDB-UHFFFAOYSA-N
RQIFPNBYDRMGRO-UHFFFAOYSA-N
PXDBQALVNNGXPM-UHFFFAOYSA-N
GQSYYTLWFYVLAE-UHFFFAOYSA-N
MKGLHHAHWDNTEJ-UHFFFAOYSA-N
VQVREJHPRSVZBD-UHFFFAOYSA-N
PYFBRRMHOWLGJH-UHFFFAOYSA-N
UJLJEUBYLOZEMP-UHFFFAOYSA-N
HRBZTPXUQMFRNZ-UHFFFAOYSA-N
VIMUUGAVLRRMPX-UHFFFAOYSA-N
XPUDWGYIOSBXAR-UHFFFAOYSA-N
FWFPACXFNBVQIP-UHFFFAOYSA-N
BHDYDJPYRDAYAA-UHFFFAOYSA-N
SKKVUXTWPVWKRE-UHFFFAOYSA-N
UEULRLVZLDCRFT-UHFFFAOYSA-N
MVGNSLRLKOUKHV-UHFFFAOYSA-N
OYAAGWGNCWJAHJ-UHFFFAOYSA-N
XUSIKNZBGJLXTJ-UHFFFAOYSA-N
TXFCNWLJGZXMHT-UHFFFAOYSA-N,CHEMONTID:0000138,Anisoles
TXFCNWLJGZXMHT-UHFFFAOYSA-N,CHEMONTID:0004742,Phenoxy compounds
TXFCNWLJGZXMHT-UHFFFAOYSA-N,CHEMONTID:0004113,Methoxybenzenes
TXFCNWLJGZXMHT-UHFFFAOYSA-N,CHEMONTID:0000128,Alkyl aryl ethers
TXFCNWLJGZXMHT-UHFFFAOYSA-N,CHEMONTID:0004479,Trialkylheterosilanes
TXFCNWLJGZXMHT-UHFFFAOYSA-N,CHEMONTID:0003998,Organic metalloid salts
TXFCNWLJGZXMHT-UHFFFAOYSA-N,CHEMONTID:0004150,Hydrocarbon derivatives
ZOECTCXRAQEVEL-UHFFFAOYSA-N
NYDBBTZNZLWXEP-UHFFFAOYSA-N
KJDMMCYMVUTZSN-UHFFFAOYSA-N
YFIJADQEJWQKQZ-UHFFFAOYSA-N
ALOBZUFSYYJRDG-UHFFFAOYSA-N
JAMVNVJEEYSRKJ-UHFFFAOYSA-N
VOTFDOHJMIVEAW-UHFFFAOYSA-N
QYBKWHMRDRKMQN-UHFFFAOYSA-N
QWZYHXBREBIFEX-UHFFFAOYSA-N
PYJUBHQOZUNCIC-UHFFFAOYSA-N
QPKLNSFJIMVOON-CMDGGOBGSA-N
JCVADDHCOJPDFW-UHFFFAOYSA-N
LUGKPZQRNXFBQZ-MDZDMXLPSA-N
OVDNBOAHVLIDPH-UHFFFAOYSA-N
FVLNTTAINSRHHH-UHFFFAOYSA-N
IZGUVSNDJWWEKH-UHFFFAOYSA-N
HBCVVSRFLBUDQF-UHFFFAOYSA-N
RNBPOOCUZHNIIM-UHFFFAOYSA-N
HYNVOYNMQLZSIW-UHFFFAOYSA-N
LYXIASLHPQEDIA-UHFFFAOYSA-N
FPPDHYMXBHTGOC-UHFFFAOYSA-N
FNUQJVOVBDOXMM-UHFFFAOYSA-N
MCPFMKJHOFUFFW-UHFFFAOYSA-N
FHABWLGAZORNTC-UHFFFAOYSA-N
PXSCQEMSXNKQJK-UHFFFAOYSA-N
CNPIMSSHNMVFPM-UHFFFAOYSA-N
FAEQDEFIXBHKCS-UHFFFAOYSA-N
AMUGRUMFZAKWNM-UHFFFAOYSA-N
HQWIFKQXOMDUSA-UHFFFAOYSA-N
XCVKSFNSQFQOKZ-UHFFFAOYSA-N
CVSOFTZNENSDEY-UHFFFAOYSA-N
PDACHFOTOFNHBT-UHFFFAOYSA-N
OYLAQYGXLMTDHU-UHFFFAOYSA-N
HKECHKXRABRTEY-UHFFFAOYSA-N
JDWQDWFOHDRIBJ-UHFFFAOYSA-N
UHWVCRDNNJCGLG-UHFFFAOYSA-N
CIIGCZLVUXJMBS-UHFFFAOYSA-N
CDGIKLPUDRGJQN-UHFFFAOYSA-N
VZQWBEVCRRFYSQ-UHFFFAOYSA-N
FSBIHSWERZRMQS-UHFFFAOYSA-N
JXANEQMOCRACOH-UHFFFAOYSA-N
AGFKANSKNVQLCE-UHFFFAOYSA-N
KJZDFZVSSPPMJJ-UHFFFAOYSA-N
TZUJYMHRJMDMDK-UHFFFAOYSA-N
JZGPZUIFYWMNKG-UHFFFAOYSA-N
ZBVUZZNOZGCJIE-UHFFFAOYSA-N
PVXMKQLVICGFSI-UHFFFAOYSA-N
NTMFZGNKRDQHGZ-UHFFFAOYSA-N
XKPBWTJICWHTMG-UHFFFAOYSA-N
CJHRWEYJFZIMFP-UHFFFAOYSA-N
FYIQYAPKCNKCON-UHFFFAOYSA-N
RTRBFGLZGQCQNI-UHFFFAOYSA-N
XZJYVPUPHBEQJJ-UHFFFAOYSA-N
RTQCASZLPUBRCM-UHFFFAOYSA-N
VSGUXTABKOXJDV-UHFFFAOYSA-N
CQBXMOIKQDKIHK-UHFFFAOYSA-N
HLHPVNFVGSZSNJ-UHFFFAOYSA-N
DTAFQWDNWAXRLX-UHFFFAOYSA-N
ZLWCUPHSUGLGCP-UHFFFAOYSA-N
COFKMVMSINXIOK-UHFFFAOYSA-N
LGHFBASOONDKME-UHFFFAOYSA-N
PFNXZEOIISNLLZ-UHFFFAOYSA-N
HUAIMAUDFCUWLH-JXMROGBWSA-N
JVADVWKGOWZIKS-UHFFFAOYSA-N
INSCXFROAQGNNH-UHFFFAOYSA-N
IVTNHFPTOGXRGQ-UHFFFAOYSA-N
IGGUCRXZVNSOMJ-UHFFFAOYSA-N
WWCXSUHALKENOU-UHFFFAOYSA-N
QWDJSIANUZLFHV-UHFFFAOYSA-N
GKODXEXJNJLBCA-UHFFFAOYSA-N
MFPKMKJUNGWICD-UHFFFAOYSA-N
YJLBBILHUFBDFH-UHFFFAOYSA-N
HVSXQEUGLVLBLR-UHFFFAOYSA-N,CHEMONTID:0004298,Alkyl-phenylketones
HVSXQEUGLVLBLR-UHFFFAOYSA-N,CHEMONTID:0000119,Acetophenones
HVSXQEUGLVLBLR-UHFFFAOYSA-N,CHEMONTID:0004742,Phenoxy compounds
HVSXQEUGLVLBLR-UHFFFAOYSA-N,CHEMONTID:0000321,Benzoyl derivatives
HVSXQEUGLVLBLR-UHFFFAOYSA-N,CHEMONTID:0003671,Aryl alkyl ketones
HVSXQEUGLVLBLR-UHFFFAOYSA-N,CHEMONTID:0004479,Trialkylheterosilanes
HVSXQEUGLVLBLR-UHFFFAOYSA-N,CHEMONTID:0003998,Organic metalloid salts
HVSXQEUGLVLBLR-UHFFFAOYSA-N,CHEMONTID:0003940,Organic oxides
HVSXQEUGLVLBLR-UHFFFAOYSA-N,CHEMONTID:0004150,Hydrocarbon derivatives
MEDNPRTZTBYPTF-UHFFFAOYSA-N
KQELHBLUKMVNQV-UHFFFAOYSA-N
XBIVPROGJPCZTA-UHFFFAOYSA-N
GQGPHQSOKCFRNK-UHFFFAOYSA-N
HMMILWSQQJGEGS-UHFFFAOYSA-N
HMGNWIQKUIKKKB-UHFFFAOYSA-N
PQFWNODPIQISKS-UHFFFAOYSA-N
MDQSUPKXGSRFOE-UHFFFAOYSA-N
MOZMGAUQUMAFBI-UHFFFAOYSA-N
IHYHVRZFVWPOGA-UHFFFAOYSA-N
OVMKPNDCDTUJFK-UHFFFAOYSA-N
UWWVLUCFJFSINH-UHFFFAOYSA-N
MRYWAIDSJPIBFY-UHFFFAOYSA-N
PJYNWYCMEMNOIA-UHFFFAOYSA-N
JDAFMRWWUIPRKI-UHFFFAOYSA-N
SBRWLPCNAYZHNE-UHFFFAOYSA-N
LIOPDVCDDGVTLO-UHFFFAOYSA-N
FJSQGBCMXDWGTO-VOTSOKGWSA-N
KYRPPPKHGUJSMB-UHFFFAOYSA-N
NFOCLLJDPTWUKX-UHFFFAOYSA-N
QJZPGBIAAXKYFX-UHFFFAOYSA-N
BVCJALUMWLRQCT-UHFFFAOYSA-N
UNWFBCSJEBPLFZ-UHFFFAOYSA-N
HATDGCWADKWNFX-UHFFFAOYSA-N
NEZGHEGFZXMEHZ-UHFFFAOYSA-N
WJJMCQMVAUKYOL-UHFFFAOYSA-N
MDBXEEQJYNUZNG-UHFFFAOYSA-N
NASCYJGIZMSGHM-UHFFFAOYSA-N
IFOZSFFJSXAKEY-UHFFFAOYSA-N
QZVGDXLQEIGICQ-UHFFFAOYSA-N
YSPNCPGGCOBEKE-UHFFFAOYSA-N
KWZJNXXANGALIJ-UHFFFAOYSA-N
UALOXNWJRICRRS-UHFFFAOYSA-N
FLGZFLZOUDDMBN-UHFFFAOYSA-N
FNJLHDKEJZGPPY-UHFFFAOYSA-N
OJKNCYVKEUNYAX-UHFFFAOYSA-N
KPYOWYWLPHAMOF-UHFFFAOYSA-N
DLAVHTHUJYFMFF-UHFFFAOYSA-N
XOFFEXFRCYEWGZ-UHFFFAOYSA-N
NTXJOZBRSRPSJD-UHFFFAOYSA-N
SUBNTOPXJWKCGS-UHFFFAOYSA-N
IGKWOLQZHXQLPK-UHFFFAOYSA-N
MYVNRURPLFVALJ-UHFFFAOYSA-N
RQMGMQXANVHACS-UHFFFAOYSA-N
VINJZMCOYRNXAZ-AVQMFFATSA-N
CLOAVYAPHKGLNZ-UHFFFAOYSA-N
GEWZPBPBKGZIMR-UHFFFAOYSA-N
XNQSWMZYHCQRFV-UHFFFAOYSA-N
GAEWWZZQLZLEAZ-CMDGGOBGSA-N
YKJZHLWHFWFOOE-UHFFFAOYSA-N
YYMCWFXIWNIWDG-MDZDMXLPSA-N
ZTIQVTYRAKYNNG-KTKRTIGZSA-N
YHRQPMFBFLVLRD-AATRIKPKSA-N
RDRGQWUCWBAIAJ-UHFFFAOYSA-N
HJWDNWKQENUSKL-UHFFFAOYSA-N
YDJRVQVCDFEELI-UHFFFAOYSA-N
FFIBJJOZVSGVBR-UHFFFAOYSA-N
UOQOUWOYMBASAO-UHFFFAOYSA-N
WZNQZZJRYURJIJ-UHFFFAOYSA-N
MLKQHMJPMYVWPQ-UHFFFAOYSA-N
MYSVIHDTTMHNBZ-UHFFFAOYSA-N
VJHNSQYVHXDHDD-UHFFFAOYSA-N
CURBBCMTJOMQPX-UHFFFAOYSA-N
UUCKLCMMGIDXLB-UHFFFAOYSA-N
FVGHKAZJGGIEJE-UHFFFAOYSA-N
UXHNYNXKXHRDRI-UHFFFAOYSA-N
NPPJTURUPWYKJT-UHFFFAOYSA-N
NXRUXRPNYSMFBT-UHFFFAOYSA-N
PPDBCMNNWDFEBX-UHFFFAOYSA-N
OIKROLCDGDKWOB-UHFFFAOYSA-N
CNGSHHVQMBVFJU-UHFFFAOYSA-N
GVUUBLCNKIUBCU-UHFFFAOYSA-N
XGWZYXSWZFNHST-UHFFFAOYSA-N
ZRAPHEBMDYQXKR-UHFFFAOYSA-N
JOWNKGKORZZMQJ-UHFFFAOYSA-N
JKECTUZIIDXPBK-UHFFFAOYSA-N
HEVXLPBSUCJVAQ-MDZDMXLPSA-N
LKRPHZYEHGSXSX-UHFFFAOYSA-N
BXBAGJFJJLLOFQ-UHFFFAOYSA-N
FVIRQYXEHTWTEN-ZHACJKMWSA-N
PEIIENVTTVJCFK-ZHACJKMWSA-N
YANBKTMPGURWFR-LBPRGKRZSA-N
WXENHPAZQBDKCR-UHFFFAOYSA-N
YTRJTJFOEVEHJQ-UHFFFAOYSA-N
PMQFUSQKXPTANQ-UHFFFAOYSA-N
OVGUMLRVVXSFAI-UHFFFAOYSA-N
DJSOWYSMQHQIEA-UHFFFAOYSA-N
RZCRYLKTHSJLBL-UHFFFAOYSA-N
AGLRUAXFXUNBPL-UHFFFAOYSA-N
VHQPJMOEFVVQOQ-UHFFFAOYSA-N
NUTIXYUHENBVIH-UHFFFAOYSA-N
LRAPRKCGMBCWBT-UHFFFAOYSA-N
IZVHGWPJDQCENH-UHFFFAOYSA-N
IHVKEEKMTGIJAC-UHFFFAOYSA-N
GRONVOGSDOJOMG-UHFFFAOYSA-N
GVQLTVPJABMNKV-UHFFFAOYSA-N
LKRFHGYECXRRCO-UHFFFAOYSA-N
XRJOSQBVAFAQLD-UHFFFAOYSA-N
LZFQRXBEWMGXCV-UHFFFAOYSA-N
NSBVIINREWNFBG-UHFFFAOYSA-N
PRNVGHGNJXFTHC-UHFFFAOYSA-N
BOYZHAJSEIKQJF-UHFFFAOYSA-N
UTGMDFONUNJYQP-UHFFFAOYSA-N
WJJLDAJDILRAIQ-UHFFFAOYSA-N
TWWKBXLEMSYGDN-UHFFFAOYSA-N
OKGLOYGZHPISAT-UHFFFAOYSA-N
GOGTWYLQXDFYLB-UHFFFAOYSA-N
WBRRXKYZKXUCEC-UHFFFAOYSA-N
DGGPKXGXAMHXRO-UHFFFAOYSA-N
CVDQSDFNFUHPMJ-UHFFFAOYSA-N
DOSHUJGCYZNXCI-UHFFFAOYSA-N
LWBFIZBQVRDUMY-UHFFFAOYSA-N
AYGQUFGXOJWAHD-UHFFFAOYSA-N
TYQCHITWYOTIFA-UHFFFAOYSA-N
PTXKWJXZIMEWED-UHFFFAOYSA-N
PPUSJGXNIQTKKU-UHFFFAOYSA-N
FNSPZXDCIDFIRN-UHFFFAOYSA-N
ZVXRGSDDMVCMAC-UHFFFAOYSA-N
WYRJFTUIUJWTAZ-UHFFFAOYSA-N
NVFQNBMOSVRDKT-UHFFFAOYSA-N
UGFXQBRWNPEHCX-UHFFFAOYSA-N
NEJLFAOQVKBWGF-UHFFFAOYSA-N
GGNUMNDMVWGGDT-UHFFFAOYSA-N
SMMWOXYSHFOYOO-UHFFFAOYSA-N
YKENHQTWUXRYMG-UHFFFAOYSA-N
VMRPHIVWFJYIAT-UHFFFAOYSA-N
ZEDPGKKABRRDOI-UHFFFAOYSA-N
BRRGTLLRWUMHPU-UHFFFAOYSA-N
HVCCJAGBETTYBM-UHFFFAOYSA-N
KWFMWQPZLZBGNV-UHFFFAOYSA-N
UMCLOXLDDVEOLA-UHFFFAOYSA-N
GDLVNFLVQZLITO-UHFFFAOYSA-N
MCPDISCUAORQND-UHFFFAOYSA-N
FTFNKIRZNVNZPZ-UHFFFAOYSA-N
FENJPRAABBPMJS-UHFFFAOYSA-N
FCLLNLYTXISZED-UHFFFAOYSA-N
SXFRDEDUVCJACW-UHFFFAOYSA-N
XRLACESVVGHFFY-UHFFFAOYSA-N
KBFHZCAAMBBYBR-UHFFFAOYSA-N
VHMMSZQYRUIPAO-UHFFFAOYSA-N
WZLZLYXCZVEIFB-UHFFFAOYSA-N
SRWGMVBQWZOVIC-UHFFFAOYSA-N
MONPRLFSQRSMRX-UHFFFAOYSA-N
HNEIEHLSYFASRF-UHFFFAOYSA-N
HKIAJKAAQOMBLB-UHFFFAOYSA-N
PNQIBRNIIQDBRV-UHFFFAOYSA-N
GQEUJJBKENEAJT-UHFFFAOYSA-N
LTVUABDWCBOKFI-UHFFFAOYSA-N
WJOVQJSWBJCMJE-RAXLEYEMSA-N
HDKWEMAGDVUHNF-UHFFFAOYSA-N
WJOVQJSWBJCMJE-JLHYYAGUSA-N
NGFKFXGBSQBUPT-UHFFFAOYSA-N
VTSWOTJXCCKPFI-UHFFFAOYSA-N
YZFGRENEUCLZLK-UHFFFAOYSA-N
RUVRGUBFCPLVCZ-UHFFFAOYSA-N
QFMNBGCPRJYFNY-GFCCVEGCSA-N
GSRJPHNVKPGXHU-UHFFFAOYSA-N
GYFMQJWVDAIXLJ-UHFFFAOYSA-N
YXZJVNQYLQMBHR-UHFFFAOYSA-N
OTASQCGOBJBWCF-UHFFFAOYSA-N
QIPOVLUFFYDMLH-UHFFFAOYSA-N
JWSSINURIURKPI-KTKRTIGZSA-N
CKGHFCVEZOYAOG-UHFFFAOYSA-N
RLVINFWLPSOQHJ-VAWYXSNFSA-N
LDWGJYAAQHHQTJ-UHFFFAOYSA-N
GIHFSHYTNPSBQF-UHFFFAOYSA-N
LTONXTDFGYBAOX-UHFFFAOYSA-N
UJXZOGCYFWARKH-UHFFFAOYSA-N
NYYDLBGLDBHKJA-UHFFFAOYSA-N
NROSHTUPINYZBK-UHFFFAOYSA-N
MBWXMISVSPVDBT-UHFFFAOYSA-N
XUMFEWXFDDGLRL-UHFFFAOYSA-N
FIORNISVNJNNIE-UHFFFAOYSA-N
DFCRCHVWQMXBIC-UHFFFAOYSA-N
QZSJCMCZIBMSAE-UHFFFAOYSA-N
QFYWLKHRYDIOSX-UHFFFAOYSA-N
NUEPIFKODAUSAU-UHFFFAOYSA-N
JZIYVNHCXWTXNC-UHFFFAOYSA-N
ISTGUORKGWWKMI-UHFFFAOYSA-N
XQOIZXGCFHQCPS-UHFFFAOYSA-N
OTCQCMXKSHVPCX-UHFFFAOYSA-N
QYSRFRQIQZKDFO-UHFFFAOYSA-N
HKRSOTBYCJMFTJ-UHFFFAOYSA-N
DLOBLFKSDISZMC-UHFFFAOYSA-N
QUGMZNIFJDARJV-UHFFFAOYSA-N
XOFKNZBRRQDOAV-UHFFFAOYSA-N
LGRAJBIRLFSLRM-UHFFFAOYSA-N
KHKJMJPOXGEQGW-UHFFFAOYSA-N
YUEBWLLXROKBBP-UHFFFAOYSA-N
YYIAWZITEMQFJT-UHFFFAOYSA-N
DZCOSLMRVSLTAK-CSKARUKUSA-N
VMLAKHNLMHWGIZ-UHFFFAOYSA-N
ANFBEFPMCBVVDN-UHFFFAOYSA-N
REUUJTAEHKPPNH-UHFFFAOYSA-N
RUFZUENRSLGFQX-UHFFFAOYSA-N
FGZVHXCJVPTHKF-UHFFFAOYSA-N
XDKDLRRTWWDQJX-UHFFFAOYSA-N
RZEVZPUEHWEWLX-UHFFFAOYSA-N
ICRFHYBLFREFLY-UHFFFAOYSA-N
RHOVUIYEKABFTI-UHFFFAOYSA-N
WRTIBUZACDUXTG-UHFFFAOYSA-N
VOMNGRBGAFLEFL-UHFFFAOYSA-N
POFKQPYUTWBSJV-UHFFFAOYSA-N
BRSJLWHHCAVFRU-UHFFFAOYSA-N
KVFVSSRNFPZZAU-UHFFFAOYSA-N
QHOSPKLEKYPTTO-UHFFFAOYSA-N
COEQTMDDELCKFP-UHFFFAOYSA-N
ABQOTJVKINFZJG-UHFFFAOYSA-N
